Year,Month,For Lifeline Customers,kWh Consumption,Total Bill
2010,1,TRUE,50,4.255
2010,1,TRUE,70,5.4337
2010,1,TRUE,100,6.5957
2010,1,FALSE,200,8.2363
2010,1,FALSE,300,8.5293
2010,1,FALSE,400,8.8271
2010,1,FALSE,500,9.3739
2010,1,FALSE,600,9.3641
2010,1,FALSE,700,9.3643
2010,1,FALSE,800,9.3707
2010,1,FALSE,900,9.3756
2010,1,FALSE,1000,9.3796
2010,1,FALSE,1500,9.4248
2010,1,FALSE,3000,9.5451
2010,1,FALSE,5000,9.5932
2010,2,TRUE,50,4.5095
2010,2,TRUE,70,5.8459
2010,2,TRUE,100,7.1689
2010,2,FALSE,200,9.0331
2010,2,FALSE,300,9.3354
2010,2,FALSE,400,9.638
2010,2,FALSE,500,10.1875
2010,2,FALSE,600,10.1796
2010,2,FALSE,700,10.1811
2010,2,FALSE,800,10.1885
2010,2,FALSE,900,10.1943
2010,2,FALSE,1000,10.1989
2010,2,FALSE,1500,10.246
2010,2,FALSE,3000,10.3681
2010,2,FALSE,5000,10.4169
2010,3,TRUE,50,5.0431
2010,3,TRUE,70,6.5214
2010,3,TRUE,100,7.9862
2010,3,FALSE,200,10.0535
2010,3,FALSE,300,10.3559
2010,3,FALSE,400,10.6584
2010,3,FALSE,500,11.208
2010,3,FALSE,600,11.2001
2010,3,FALSE,700,11.2016
2010,3,FALSE,800,11.209
2010,3,FALSE,900,11.2147
2010,3,FALSE,1000,11.2193
2010,3,FALSE,1500,11.2664
2010,3,FALSE,3000,11.3886
2010,3,FALSE,5000,11.4374
2010,4,TRUE,50,6.0277
2010,4,TRUE,70,7.7441
2010,4,TRUE,100,9.4438
2010,4,FALSE,200,11.8268
2010,4,FALSE,300,12.2004
2010,4,FALSE,400,12.5743
2010,4,FALSE,500,13.2533
2010,4,FALSE,600,13.2435
2010,4,FALSE,700,13.2437
2010,4,FALSE,800,13.2501
2010,4,FALSE,900,13.2551
2010,4,FALSE,1000,13.259
2010,4,FALSE,1500,13.3043
2010,4,FALSE,3000,13.4246
2010,4,FALSE,5000,13.4727
2010,5,TRUE,50,5.2554
2010,5,TRUE,70,6.7307
2010,5,TRUE,100,8.1893
2010,5,FALSE,200,10.2599
2010,5,FALSE,300,10.6335
2010,5,FALSE,400,11.0074
2010,5,FALSE,500,11.6864
2010,5,FALSE,600,11.6766
2010,5,FALSE,700,11.6768
2010,5,FALSE,800,11.6832
2010,5,FALSE,900,11.6882
2010,5,FALSE,1000,11.6921
2010,5,FALSE,1500,11.7374
2010,5,FALSE,3000,11.8577
2010,5,FALSE,5000,11.9058
2010,6,TRUE,50,5.1793
2010,6,TRUE,70,6.6381
2010,6,TRUE,100,8.0801
2010,6,FALSE,200,10.1211
2010,6,FALSE,300,10.4946
2010,6,FALSE,400,10.8685
2010,6,FALSE,500,11.5475
2010,6,FALSE,600,11.5378
2010,6,FALSE,700,11.538
2010,6,FALSE,800,11.5444
2010,6,FALSE,900,11.5493
2010,6,FALSE,1000,11.5533
2010,6,FALSE,1500,11.5986
2010,6,FALSE,3000,11.7188
2010,6,FALSE,5000,11.7669
2010,7,TRUE,50,5.3353
2010,7,TRUE,70,6.8542
2010,7,TRUE,100,8.3563
2010,7,FALSE,200,10.4473
2010,7,FALSE,300,10.8208
2010,7,FALSE,400,11.1947
2010,7,FALSE,500,11.8737
2010,7,FALSE,600,11.864
2010,7,FALSE,700,11.8641
2010,7,FALSE,800,11.8705
2010,7,FALSE,900,11.8755
2010,7,FALSE,1000,11.8795
2010,7,FALSE,1500,11.9247
2010,7,FALSE,3000,12.045
2010,7,FALSE,5000,12.0931
2010,8,TRUE,50,5.621
2010,8,TRUE,70,7.2396
2010,8,TRUE,100,8.8414
2010,8,FALSE,200,11.0526
2010,8,FALSE,300,11.4261
2010,8,FALSE,400,11.8
2010,8,FALSE,500,12.479
2010,8,FALSE,600,12.4693
2010,8,FALSE,700,12.4695
2010,8,FALSE,800,12.4758
2010,8,FALSE,900,12.4808
2010,8,FALSE,1000,12.4848
2010,8,FALSE,1500,12.5301
2010,8,FALSE,3000,12.6503
2010,8,FALSE,5000,12.6984
2010,9,TRUE,50,5.1838
2010,9,TRUE,70,6.6615
2010,9,TRUE,100,8.1226
2010,9,FALSE,200,10.1755
2010,9,FALSE,300,10.549
2010,9,FALSE,400,10.9229
2010,9,FALSE,500,11.6019
2010,9,FALSE,600,11.5922
2010,9,FALSE,700,11.5924
2010,9,FALSE,800,11.5987
2010,9,FALSE,900,11.6037
2010,9,FALSE,1000,11.6077
2010,9,FALSE,1500,11.653
2010,9,FALSE,3000,11.7732
2010,9,FALSE,5000,11.8213
2010,10,TRUE,50,4.537
2010,10,TRUE,70,5.8142
2010,10,TRUE,100,7.0747
2010,10,FALSE,200,8.8685
2010,10,FALSE,300,9.242
2010,10,FALSE,400,9.6159
2010,10,FALSE,500,10.2949
2010,10,FALSE,600,10.2851
2010,10,FALSE,700,10.2853
2010,10,FALSE,800,10.2917
2010,10,FALSE,900,10.2967
2010,10,FALSE,1000,10.3007
2010,10,FALSE,1500,10.3459
2010,10,FALSE,3000,10.4662
2010,10,FALSE,5000,10.5143
2010,11,TRUE,50,5.2147
2010,11,TRUE,70,6.7043
2010,11,TRUE,100,8.1772
2010,11,FALSE,200,10.2414
2010,11,FALSE,300,10.6149
2010,11,FALSE,400,10.9888
2010,11,FALSE,500,11.6678
2010,11,FALSE,600,11.658
2010,11,FALSE,700,11.6582
2010,11,FALSE,800,11.6646
2010,11,FALSE,900,11.6696
2010,11,FALSE,1000,11.6736
2010,11,FALSE,1500,11.7188
2010,11,FALSE,3000,11.8391
2010,11,FALSE,5000,11.8872
2010,12,TRUE,50,5.0779
2010,12,TRUE,70,6.5371
2010,12,TRUE,100,7.9797
2010,12,FALSE,200,9.9935
2010,12,FALSE,300,10.367
2010,12,FALSE,400,10.7409
2010,12,FALSE,500,11.4199
2010,12,FALSE,600,11.4102
2010,12,FALSE,700,11.4103
2010,12,FALSE,800,11.4167
2010,12,FALSE,900,11.4217
2010,12,FALSE,1000,11.4257
2010,12,FALSE,1500,11.4709
2010,12,FALSE,3000,11.5912
2010,12,FALSE,5000,11.6393
2011,1,TRUE,50,4.9213
2011,1,TRUE,70,6.3259
2011,1,TRUE,100,7.7137
2011,1,FALSE,200,9.6746
2011,1,FALSE,300,10.0852
2011,1,FALSE,400,10.4942
2011,1,FALSE,500,11.2346
2011,1,FALSE,600,11.2248
2011,1,FALSE,700,11.2249
2011,1,FALSE,800,11.2313
2011,1,FALSE,900,11.2362
2011,1,FALSE,1000,11.2402
2011,1,FALSE,1500,11.2854
2011,1,FALSE,3000,11.4056
2011,1,FALSE,5000,11.4537
2011,2,TRUE,50,5.0409
2011,2,TRUE,70,6.4763
2011,2,TRUE,100,7.8949
2011,2,FALSE,200,9.9052
2011,2,FALSE,300,10.3158
2011,2,FALSE,400,10.7249
2011,2,FALSE,500,11.4652
2011,2,FALSE,600,11.4554
2011,2,FALSE,700,11.4556
2011,2,FALSE,800,11.4619
2011,2,FALSE,900,11.4669
2011,2,FALSE,1000,11.4708
2011,2,FALSE,1500,11.516
2011,2,FALSE,3000,11.6362
2011,2,FALSE,5000,11.6843
2011,3,TRUE,50,4.9911
2011,3,TRUE,70,6.4152
2011,3,TRUE,100,7.8226
2011,3,FALSE,200,9.8259
2011,3,FALSE,300,10.2365
2011,3,FALSE,400,10.6455
2011,3,FALSE,500,11.3859
2011,3,FALSE,600,11.3761
2011,3,FALSE,700,11.3762
2011,3,FALSE,800,11.3826
2011,3,FALSE,900,11.3875
2011,3,FALSE,1000,11.3915
2011,3,FALSE,1500,11.4367
2011,3,FALSE,3000,11.5569
2011,3,FALSE,5000,11.605
2011,4,TRUE,50,5.1258
2011,4,TRUE,70,6.5847
2011,4,TRUE,100,8.0268
2011,4,FALSE,200,10.0991
2011,4,FALSE,300,10.5097
2011,4,FALSE,400,10.9188
2011,4,FALSE,500,11.6591
2011,4,FALSE,600,11.6493
2011,4,FALSE,700,11.6495
2011,4,FALSE,800,11.6558
2011,4,FALSE,900,11.6608
2011,4,FALSE,1000,11.6647
2011,4,FALSE,1500,11.7099
2011,4,FALSE,3000,11.8301
2011,4,FALSE,5000,11.8782
2011,5,TRUE,50,5.1003
2011,5,TRUE,70,6.5426
2011,5,TRUE,100,7.968
2011,5,FALSE,200,9.9862
2011,5,FALSE,300,10.3968
2011,5,FALSE,400,10.8059
2011,5,FALSE,500,11.5462
2011,5,FALSE,600,11.5364
2011,5,FALSE,700,11.5366
2011,5,FALSE,800,11.5429
2011,5,FALSE,900,11.5479
2011,5,FALSE,1000,11.5518
2011,5,FALSE,1500,11.597
2011,5,FALSE,3000,11.7172
2011,5,FALSE,5000,11.7653
2011,6,TRUE,50,5.3612
2011,6,TRUE,70,6.8991
2011,6,TRUE,100,8.4203
2011,6,FALSE,200,10.547
2011,6,FALSE,300,10.9576
2011,6,FALSE,400,11.3667
2011,6,FALSE,500,12.1071
2011,6,FALSE,600,12.0973
2011,6,FALSE,700,12.0974
2011,6,FALSE,800,12.1038
2011,6,FALSE,900,12.1087
2011,6,FALSE,1000,12.1127
2011,6,FALSE,1500,12.1579
2011,6,FALSE,3000,12.2781
2011,6,FALSE,5000,12.3261
2011,7,TRUE,50,5.2422
2011,7,TRUE,70,6.7297
2011,7,TRUE,100,8.2005
2011,7,FALSE,200,10.2558
2011,7,FALSE,300,10.6664
2011,7,FALSE,400,11.0755
2011,7,FALSE,500,11.8158
2011,7,FALSE,600,11.806
2011,7,FALSE,700,11.8062
2011,7,FALSE,800,11.8125
2011,7,FALSE,900,11.8175
2011,7,FALSE,1000,11.8214
2011,7,FALSE,1500,11.8666
2011,7,FALSE,3000,11.9868
2011,7,FALSE,5000,12.0349
2011,8,TRUE,50,5.2425
2011,8,TRUE,70,6.7513
2011,8,TRUE,100,8.2433
2011,8,FALSE,200,10.3467
2011,8,FALSE,300,10.7572
2011,8,FALSE,400,11.1663
2011,8,FALSE,500,11.9067
2011,8,FALSE,600,11.8969
2011,8,FALSE,700,11.897
2011,8,FALSE,800,11.9034
2011,8,FALSE,900,11.9083
2011,8,FALSE,1000,11.9123
2011,8,FALSE,1500,11.9575
2011,8,FALSE,3000,12.0777
2011,8,FALSE,5000,12.1258
2011,9,TRUE,50,5.2766
2011,9,TRUE,70,6.7534
2011,9,TRUE,100,8.2134
2011,9,FALSE,200,10.2647
2011,9,FALSE,300,10.6753
2011,9,FALSE,400,11.0844
2011,9,FALSE,500,11.8248
2011,9,FALSE,600,11.815
2011,9,FALSE,700,11.8151
2011,9,FALSE,800,11.8215
2011,9,FALSE,900,11.8264
2011,9,FALSE,1000,11.8304
2011,9,FALSE,1500,11.8756
2011,9,FALSE,3000,11.9958
2011,9,FALSE,5000,12.0438
2011,10,TRUE,50,5.2828
2011,10,TRUE,70,6.7817
2011,10,TRUE,100,8.2657
2011,10,FALSE,200,10.3514
2011,10,FALSE,300,10.7105
2011,10,FALSE,400,11.0684
2011,10,FALSE,500,11.7166
2011,10,FALSE,600,11.7079
2011,10,FALSE,700,11.7089
2011,10,FALSE,800,11.7159
2011,10,FALSE,900,11.7213
2011,10,FALSE,1000,11.7257
2011,10,FALSE,1500,11.772
2011,10,FALSE,3000,11.8934
2011,10,FALSE,5000,11.942
2011,11,TRUE,50,5.5998
2011,11,TRUE,70,7.2048
2011,11,TRUE,100,8.795
2011,11,FALSE,200,11.0363
2011,11,FALSE,300,11.3953
2011,11,FALSE,400,11.7533
2011,11,FALSE,500,12.4014
2011,11,FALSE,600,12.3928
2011,11,FALSE,700,12.3938
2011,11,FALSE,800,12.4008
2011,11,FALSE,900,12.4062
2011,11,FALSE,1000,12.4105
2011,11,FALSE,1500,12.4569
2011,11,FALSE,3000,12.5783
2011,11,FALSE,5000,12.6268
2011,12,TRUE,50,5.4232
2011,12,TRUE,70,6.9722
2011,12,TRUE,100,8.5063
2011,12,FALSE,200,10.6691
2011,12,FALSE,300,11.0281
2011,12,FALSE,400,11.3861
2011,12,FALSE,500,12.0342
2011,12,FALSE,600,12.0256
2011,12,FALSE,700,12.0265
2011,12,FALSE,800,12.0335
2011,12,FALSE,900,12.039
2011,12,FALSE,1000,12.0433
2011,12,FALSE,1500,12.0897
2011,12,FALSE,3000,12.211
2011,12,FALSE,5000,12.2596
2012,1,TRUE,50,5.439
2012,1,TRUE,70,6.9821
2012,1,TRUE,100,8.5105
2012,1,FALSE,200,10.6732
2012,1,FALSE,300,11.0323
2012,1,FALSE,400,11.3902
2012,1,FALSE,500,12.0384
2012,1,FALSE,600,12.0297
2012,1,FALSE,700,12.0307
2012,1,FALSE,800,12.0377
2012,1,FALSE,900,12.0431
2012,1,FALSE,1000,12.0475
2012,1,FALSE,1500,12.0938
2012,1,FALSE,3000,12.2152
2012,1,FALSE,5000,12.2638
2012,2,TRUE,50,5.4413
2012,2,TRUE,70,6.9774
2012,2,TRUE,100,8.4988
2012,2,FALSE,200,10.6599
2012,2,FALSE,300,11.019
2012,2,FALSE,400,11.3769
2012,2,FALSE,500,12.0251
2012,2,FALSE,600,12.0164
2012,2,FALSE,700,12.0174
2012,2,FALSE,800,12.0244
2012,2,FALSE,900,12.0298
2012,2,FALSE,1000,12.0342
2012,2,FALSE,1500,12.0805
2012,2,FALSE,3000,12.2019
2012,2,FALSE,5000,12.2505
2012,3,TRUE,50,5.2711
2012,3,TRUE,70,6.7506
2012,3,TRUE,100,8.2152
2012,3,FALSE,200,10.2919
2012,3,FALSE,300,10.651
2012,3,FALSE,400,11.0089
2012,3,FALSE,500,11.6571
2012,3,FALSE,600,11.6484
2012,3,FALSE,700,11.6494
2012,3,FALSE,800,11.6564
2012,3,FALSE,900,11.6618
2012,3,FALSE,1000,11.6662
2012,3,FALSE,1500,11.7125
2012,3,FALSE,3000,11.8339
2012,3,FALSE,5000,11.8825
2012,4,TRUE,50,5.4982
2012,4,TRUE,70,7.0433
2012,4,TRUE,100,8.5736
2012,4,FALSE,200,10.7395
2012,4,FALSE,300,11.0985
2012,4,FALSE,400,11.4565
2012,4,FALSE,500,12.1046
2012,4,FALSE,600,12.096
2012,4,FALSE,700,12.097
2012,4,FALSE,800,12.1039
2012,4,FALSE,900,12.1094
2012,4,FALSE,1000,12.1137
2012,4,FALSE,1500,12.1601
2012,4,FALSE,3000,12.2815
2012,4,FALSE,5000,12.33
2012,5,TRUE,50,5.4791
2012,5,TRUE,70,7.0161
2012,5,TRUE,100,8.5383
2012,5,FALSE,200,10.6792
2012,5,FALSE,300,11.0382
2012,5,FALSE,400,11.3962
2012,5,FALSE,500,12.0443
2012,5,FALSE,600,12.0357
2012,5,FALSE,700,12.0366
2012,5,FALSE,800,12.0436
2012,5,FALSE,900,12.0491
2012,5,FALSE,1000,12.0534
2012,5,FALSE,1500,12.0998
2012,5,FALSE,3000,12.2212
2012,5,FALSE,5000,12.2697
2012,6,TRUE,50,5.8334
2012,6,TRUE,70,7.4823
2012,6,TRUE,100,9.1163
2012,6,FALSE,200,11.3861
2012,6,FALSE,300,11.7451
2012,6,FALSE,400,12.1031
2012,6,FALSE,500,12.7512
2012,6,FALSE,600,12.7426
2012,6,FALSE,700,12.7436
2012,6,FALSE,800,12.7506
2012,6,FALSE,900,12.756
2012,6,FALSE,1000,12.7603
2012,6,FALSE,1500,12.8067
2012,6,FALSE,3000,12.9281
2012,6,FALSE,5000,12.9766
2012,7,TRUE,50,6.1261
2012,7,TRUE,70,7.8628
2012,7,TRUE,100,9.5836
2012,7,FALSE,200,11.9728
2012,7,FALSE,300,12.3289
2012,7,FALSE,400,12.6854
2012,7,FALSE,500,13.3326
2012,7,FALSE,600,13.3234
2012,7,FALSE,700,13.324
2012,7,FALSE,800,13.3306
2012,7,FALSE,900,13.3358
2012,7,FALSE,1000,13.34
2012,7,FALSE,1500,13.3857
2012,7,FALSE,3000,13.5065
2012,7,FALSE,5000,13.5548
2012,8,TRUE,50,6.233
2012,8,TRUE,70,8.0178
2012,8,TRUE,100,9.7869
2012,8,FALSE,200,12.2698
2012,8,FALSE,300,12.6259
2012,8,FALSE,400,12.9824
2012,8,FALSE,500,13.6297
2012,8,FALSE,600,13.6204
2012,8,FALSE,700,13.621
2012,8,FALSE,800,13.6277
2012,8,FALSE,900,13.6329
2012,8,FALSE,1000,13.637
2012,8,FALSE,1500,13.6828
2012,8,FALSE,3000,13.8036
2012,8,FALSE,5000,13.8519
2012,9,TRUE,50,5.416
2012,9,TRUE,70,6.9226
2012,9,TRUE,100,8.4133
2012,9,FALSE,200,10.543
2012,9,FALSE,300,10.8991
2012,9,FALSE,400,11.2556
2012,9,FALSE,500,11.9028
2012,9,FALSE,600,11.8936
2012,9,FALSE,700,11.8941
2012,9,FALSE,800,11.9008
2012,9,FALSE,900,11.906
2012,9,FALSE,1000,11.9102
2012,9,FALSE,1500,11.9559
2012,9,FALSE,3000,12.0767
2012,9,FALSE,5000,12.125
2012,10,TRUE,50,5.4733
2012,10,TRUE,70,7.0079
2012,10,TRUE,100,8.5268
2012,10,FALSE,200,10.6615
2012,10,FALSE,300,11.0176
2012,10,FALSE,400,11.3741
2012,10,FALSE,500,12.0213
2012,10,FALSE,600,12.0121
2012,10,FALSE,700,12.0127
2012,10,FALSE,800,12.0193
2012,10,FALSE,900,12.0245
2012,10,FALSE,1000,12.0287
2012,10,FALSE,1500,12.0745
2012,10,FALSE,3000,12.1952
2012,10,FALSE,5000,12.2435
2012,11,TRUE,50,5.5676
2012,11,TRUE,70,7.144
2012,11,TRUE,100,8.7045
2012,11,FALSE,200,10.8985
2012,11,FALSE,300,11.2546
2012,11,FALSE,400,11.6111
2012,11,FALSE,500,12.2583
2012,11,FALSE,600,12.2491
2012,11,FALSE,700,12.2497
2012,11,FALSE,800,12.2563
2012,11,FALSE,900,12.2615
2012,11,FALSE,1000,12.2657
2012,11,FALSE,1500,12.3115
2012,11,FALSE,3000,12.4322
2012,11,FALSE,5000,12.4805
2012,12,TRUE,50,5.4216
2012,12,TRUE,70,6.9473
2012,12,TRUE,100,8.4572
2012,12,FALSE,200,10.5847
2012,12,FALSE,300,10.9408
2012,12,FALSE,400,11.2973
2012,12,FALSE,500,11.9445
2012,12,FALSE,600,11.9353
2012,12,FALSE,700,11.9359
2012,12,FALSE,800,11.9425
2012,12,FALSE,900,11.9477
2012,12,FALSE,1000,11.9519
2012,12,FALSE,1500,11.9977
2012,12,FALSE,3000,12.1184
2012,12,FALSE,5000,12.1668
2013,1,TRUE,50,5.5963
2013,1,TRUE,70,7.1774
2013,1,TRUE,100,8.7427
2013,1,FALSE,200,10.9444
2013,1,FALSE,300,11.3004
2013,1,FALSE,400,11.657
2013,1,FALSE,500,12.3042
2013,1,FALSE,600,12.295
2013,1,FALSE,700,12.2955
2013,1,FALSE,800,12.3022
2013,1,FALSE,900,12.3074
2013,1,FALSE,1000,12.3115
2013,1,FALSE,1500,12.3573
2013,1,FALSE,3000,12.4781
2013,1,FALSE,5000,12.5264
2013,2,TRUE,50,5.312
2013,2,TRUE,70,6.8001
2013,2,TRUE,100,8.2723
2013,2,FALSE,200,10.3684
2013,2,FALSE,300,10.7244
2013,2,FALSE,400,11.0809
2013,2,FALSE,500,11.7282
2013,2,FALSE,600,11.719
2013,2,FALSE,700,11.7195
2013,2,FALSE,800,11.7262
2013,2,FALSE,900,11.7314
2013,2,FALSE,1000,11.7355
2013,2,FALSE,1500,11.7813
2013,2,FALSE,3000,11.9021
2013,2,FALSE,5000,11.9504
2013,3,TRUE,50,5.4662
2013,3,TRUE,70,6.9402
2013,3,TRUE,100,8.3984
2013,3,FALSE,200,10.4694
2013,3,FALSE,300,10.8254
2013,3,FALSE,400,11.1819
2013,3,FALSE,500,11.8292
2013,3,FALSE,600,11.82
2013,3,FALSE,700,11.8205
2013,3,FALSE,800,11.8272
2013,3,FALSE,900,11.8324
2013,3,FALSE,1000,11.8365
2013,3,FALSE,1500,11.8823
2013,3,FALSE,3000,12.0031
2013,3,FALSE,5000,12.0514
2013,4,TRUE,50,5.5881
2013,4,TRUE,70,7.1038
2013,4,TRUE,100,8.6036
2013,4,FALSE,200,10.742
2013,4,FALSE,300,11.0981
2013,4,FALSE,400,11.4546
2013,4,FALSE,500,12.1019
2013,4,FALSE,600,12.0926
2013,4,FALSE,700,12.0932
2013,4,FALSE,800,12.0999
2013,4,FALSE,900,12.1051
2013,4,FALSE,1000,12.1092
2013,4,FALSE,1500,12.155
2013,4,FALSE,3000,12.2758
2013,4,FALSE,5000,12.3241
2013,5,TRUE,50,5.548
2013,5,TRUE,70,7.0555
2013,5,TRUE,100,8.5472
2013,5,FALSE,200,10.6235
2013,5,FALSE,300,10.9796
2013,5,FALSE,400,11.3361
2013,5,FALSE,500,11.9834
2013,5,FALSE,600,11.9741
2013,5,FALSE,700,11.9747
2013,5,FALSE,800,11.9814
2013,5,FALSE,900,11.9866
2013,5,FALSE,1000,11.9907
2013,5,FALSE,1500,12.0365
2013,5,FALSE,3000,12.1573
2013,5,FALSE,5000,12.2056
2013,6,TRUE,50,5.6548
2013,6,TRUE,70,7.1977
2013,6,TRUE,100,8.7248
2013,6,FALSE,200,10.8425
2013,6,FALSE,300,11.1986
2013,6,FALSE,400,11.5551
2013,6,FALSE,500,12.2023
2013,6,FALSE,600,12.1931
2013,6,FALSE,700,12.1936
2013,6,FALSE,800,12.2003
2013,6,FALSE,900,12.2055
2013,6,FALSE,1000,12.2096
2013,6,FALSE,1500,12.2554
2013,6,FALSE,3000,12.3762
2013,6,FALSE,5000,12.4245
2013,7,TRUE,50,5.5371
2013,7,TRUE,70,7.0249
2013,7,TRUE,100,8.4967
2013,7,FALSE,200,10.5409
2013,7,FALSE,300,10.8964
2013,7,FALSE,400,11.2526
2013,7,FALSE,500,11.8997
2013,7,FALSE,600,11.8903
2013,7,FALSE,700,11.8908
2013,7,FALSE,800,11.8974
2013,7,FALSE,900,11.9026
2013,7,FALSE,1000,11.9067
2013,7,FALSE,1500,11.9523
2013,7,FALSE,3000,12.073
2013,7,FALSE,5000,12.1213
2013,8,TRUE,50,5.3559
2013,8,TRUE,70,6.7882
2013,8,TRUE,100,8.2045
2013,8,FALSE,200,10.1878
2013,8,FALSE,300,10.5433
2013,8,FALSE,400,10.8995
2013,8,FALSE,500,11.5465
2013,8,FALSE,600,11.5372
2013,8,FALSE,700,11.5377
2013,8,FALSE,800,11.5443
2013,8,FALSE,900,11.5494
2013,8,FALSE,1000,11.5535
2013,8,FALSE,1500,11.5992
2013,8,FALSE,3000,11.7199
2013,8,FALSE,5000,11.7681
2013,12,TRUE,50,5.7549
2013,12,TRUE,70,7.3288
2013,12,TRUE,100,8.8867
2013,12,FALSE,200,11.06
2013,12,FALSE,300,11.4155
2013,12,FALSE,400,11.7717
2013,12,FALSE,500,12.4188
2013,12,FALSE,600,12.4094
2013,12,FALSE,700,12.4099
2013,12,FALSE,800,12.4165
2013,12,FALSE,900,12.4216
2013,12,FALSE,1000,12.4258
2013,12,FALSE,1500,12.4714
2013,12,FALSE,3000,12.5921
2013,12,FALSE,5000,12.6404
2014,1,TRUE,50,5.7947
2014,1,TRUE,70,7.3686
2014,1,TRUE,100,8.9265
2014,1,FALSE,200,11.0998
2014,1,FALSE,300,11.4553
2014,1,FALSE,400,11.8115
2014,1,FALSE,500,12.4586
2014,1,FALSE,600,12.4492
2014,1,FALSE,700,12.4497
2014,1,FALSE,800,12.4563
2014,1,FALSE,900,12.4614
2014,1,FALSE,1000,12.4656
2014,1,FALSE,1500,12.5112
2014,1,FALSE,3000,12.6319
2014,1,FALSE,5000,12.6802
2014,2,TRUE,50,5.7723
2014,2,TRUE,70,7.3244
2014,2,TRUE,100,8.8605
2014,2,FALSE,200,11.0447
2014,2,FALSE,300,11.4002
2014,2,FALSE,400,11.7564
2014,2,FALSE,500,12.4035
2014,2,FALSE,600,12.3941
2014,2,FALSE,700,12.3946
2014,2,FALSE,800,12.4012
2014,2,FALSE,900,12.4063
2014,2,FALSE,1000,12.4105
2014,2,FALSE,1500,12.4561
2014,2,FALSE,3000,12.5768
2014,2,FALSE,5000,12.6251
2014,3,TRUE,50,5.5057
2014,3,TRUE,70,7.0019
2014,3,TRUE,100,8.4821
2014,3,FALSE,200,10.598
2014,3,FALSE,300,10.9535
2014,3,FALSE,400,11.3097
2014,3,FALSE,500,11.9568
2014,3,FALSE,600,11.9474
2014,3,FALSE,700,11.9479
2014,3,FALSE,800,11.9545
2014,3,FALSE,900,11.9596
2014,3,FALSE,1000,11.9638
2014,3,FALSE,1500,12.0094
2014,3,FALSE,3000,12.1301
2014,3,FALSE,5000,12.1784
2014,4,TRUE,50,5.9567
2014,4,TRUE,70,7.585
2014,4,TRUE,100,9.1973
2014,4,FALSE,200,11.4925
2014,4,FALSE,300,11.848
2014,4,FALSE,400,12.2043
2014,4,FALSE,500,12.8513
2014,4,FALSE,600,12.842
2014,4,FALSE,700,12.8425
2014,4,FALSE,800,12.8491
2014,4,FALSE,900,12.8542
2014,4,FALSE,1000,12.8583
2014,4,FALSE,1500,12.904
2014,4,FALSE,3000,13.0246
2014,4,FALSE,5000,13.0729
2014,5,TRUE,50,5.9716
2014,5,TRUE,70,7.5955
2014,5,TRUE,100,9.2035
2014,5,FALSE,200,11.4448
2014,5,FALSE,300,11.8003
2014,5,FALSE,400,12.1565
2014,5,FALSE,500,12.8036
2014,5,FALSE,600,12.7942
2014,5,FALSE,700,12.7947
2014,5,FALSE,800,12.8013
2014,5,FALSE,900,12.8064
2014,5,FALSE,1000,12.8106
2014,5,FALSE,1500,12.8562
2014,5,FALSE,3000,12.9769
2014,5,FALSE,5000,13.0252
2014,6,TRUE,50,5.563
2014,6,TRUE,70,7.0618
2014,6,TRUE,100,8.5446
2014,6,FALSE,200,10.6053
2014,6,FALSE,300,10.9608
2014,6,FALSE,400,11.317
2014,6,FALSE,500,11.964
2014,6,FALSE,600,11.9547
2014,6,FALSE,700,11.9552
2014,6,FALSE,800,11.9618
2014,6,FALSE,900,11.9669
2014,6,FALSE,1000,11.971
2014,6,FALSE,1500,12.0167
2014,6,FALSE,3000,12.1374
2014,6,FALSE,5000,12.1856
2014,7,TRUE,50,5.5743
2014,7,TRUE,70,7.0827
2014,7,TRUE,100,8.5757
2014,7,FALSE,200,10.6322
2014,7,FALSE,300,10.9897
2014,7,FALSE,400,11.3469
2014,7,FALSE,500,11.9945
2014,7,FALSE,600,11.9855
2014,7,FALSE,700,11.9863
2014,7,FALSE,800,11.9931
2014,7,FALSE,900,11.9984
2014,7,FALSE,1000,12.0026
2014,7,FALSE,1500,12.0487
2014,7,FALSE,3000,12.1698
2014,7,FALSE,5000,12.2182
2014,8,TRUE,50,5.7265
2014,8,TRUE,70,7.2716
2014,8,TRUE,100,8.8014
2014,8,FALSE,200,10.9391
2014,8,FALSE,300,11.2966
2014,8,FALSE,400,11.6537
2014,8,FALSE,500,12.3014
2014,8,FALSE,600,12.2924
2014,8,FALSE,700,12.2932
2014,8,FALSE,800,12.3
2014,8,FALSE,900,12.3053
2014,8,FALSE,1000,12.3095
2014,8,FALSE,1500,12.3556
2014,8,FALSE,3000,12.4766
2014,8,FALSE,5000,12.5251
2014,9,TRUE,50,5.4292
2014,9,TRUE,70,6.8887
2014,9,TRUE,100,8.3329
2014,9,FALSE,200,10.3616
2014,9,FALSE,300,10.7191
2014,9,FALSE,400,11.0763
2014,9,FALSE,500,11.7239
2014,9,FALSE,600,11.7149
2014,9,FALSE,700,11.7157
2014,9,FALSE,800,11.7225
2014,9,FALSE,900,11.7278
2014,9,FALSE,1000,11.732
2014,9,FALSE,1500,11.7781
2014,9,FALSE,3000,11.8992
2014,9,FALSE,5000,11.9476
2014,10,TRUE,50,5.4862
2014,10,TRUE,70,6.9643
2014,10,TRUE,100,8.4271
2014,10,FALSE,200,10.4658
2014,10,FALSE,300,10.8232
2014,10,FALSE,400,11.1804
2014,10,FALSE,500,11.8281
2014,10,FALSE,600,11.8191
2014,10,FALSE,700,11.8199
2014,10,FALSE,800,11.8267
2014,10,FALSE,900,11.832
2014,10,FALSE,1000,11.8362
2014,10,FALSE,1500,11.8823
2014,10,FALSE,3000,12.0033
2014,10,FALSE,5000,12.0517
2014,11,TRUE,50,5.2705
2014,11,TRUE,70,6.6873
2014,11,TRUE,100,8.0888
2014,11,FALSE,200,10.0554
2014,11,FALSE,300,10.4129
2014,11,FALSE,400,10.77
2014,11,FALSE,500,11.4177
2014,11,FALSE,600,11.4087
2014,11,FALSE,700,11.4095
2014,11,FALSE,800,11.4163
2014,11,FALSE,900,11.4216
2014,11,FALSE,1000,11.4258
2014,11,FALSE,1500,11.4719
2014,11,FALSE,3000,11.5929
2014,11,FALSE,5000,11.6414
2014,12,TRUE,50,5.1832
2014,12,TRUE,70,6.5715
2014,12,TRUE,100,7.9444
2014,12,FALSE,200,9.8653
2014,12,FALSE,300,10.2228
2014,12,FALSE,400,10.5799
2014,12,FALSE,500,11.2276
2014,12,FALSE,600,11.2186
2014,12,FALSE,700,11.2194
2014,12,FALSE,800,11.2262
2014,12,FALSE,900,11.2315
2014,12,FALSE,1000,11.2357
2014,12,FALSE,1500,11.2818
2014,12,FALSE,3000,11.4028
2014,12,FALSE,5000,11.4513
2015,1,TRUE,50,5.0781
2015,1,TRUE,70,6.4361
2015,1,TRUE,100,7.7787
2015,1,FALSE,200,9.6713
2015,1,FALSE,300,10.0287
2015,1,FALSE,400,10.3859
2015,1,FALSE,500,11.0335
2015,1,FALSE,600,11.0246
2015,1,FALSE,700,11.0253
2015,1,FALSE,800,11.0321
2015,1,FALSE,900,11.0374
2015,1,FALSE,1000,11.0417
2015,1,FALSE,1500,11.0877
2015,1,FALSE,3000,11.2088
2015,1,FALSE,5000,11.2572
2015,2,TRUE,50,5.4936
2015,2,TRUE,70,6.9715
2015,2,TRUE,100,8.4341
2015,2,FALSE,200,10.5105
2015,2,FALSE,300,10.868
2015,2,FALSE,400,11.2251
2015,2,FALSE,500,11.8728
2015,2,FALSE,600,11.8638
2015,2,FALSE,700,11.8646
2015,2,FALSE,800,11.8714
2015,2,FALSE,900,11.8767
2015,2,FALSE,1000,11.8809
2015,2,FALSE,1500,11.927
2015,2,FALSE,3000,12.048
2015,2,FALSE,5000,12.0965
2015,3,TRUE,50,5.4441
2015,3,TRUE,70,6.9073
2015,3,TRUE,100,8.3552
2015,3,FALSE,200,10.4159
2015,3,FALSE,300,10.7733
2015,3,FALSE,400,11.1305
2015,3,FALSE,500,11.7781
2015,3,FALSE,600,11.7692
2015,3,FALSE,700,11.7699
2015,3,FALSE,800,11.7768
2015,3,FALSE,900,11.7821
2015,3,FALSE,1000,11.7863
2015,3,FALSE,1500,11.8323
2015,3,FALSE,3000,11.9534
2015,3,FALSE,5000,12.0018
2015,4,TRUE,50,5.5798
2015,4,TRUE,70,7.0792
2015,4,TRUE,100,8.5632
2015,4,FALSE,200,10.6833
2015,4,FALSE,300,11.0408
2015,4,FALSE,400,11.398
2015,4,FALSE,500,12.0456
2015,4,FALSE,600,12.0367
2015,4,FALSE,700,12.0374
2015,4,FALSE,800,12.0442
2015,4,FALSE,900,12.0495
2015,4,FALSE,1000,12.0538
2015,4,FALSE,1500,12.0998
2015,4,FALSE,3000,12.2209
2015,4,FALSE,5000,12.2693
2015,5,TRUE,50,5.2603
2015,5,TRUE,70,6.6607
2015,5,TRUE,100,8.0458
2015,5,FALSE,200,9.9879
2015,5,FALSE,300,10.3454
2015,5,FALSE,400,10.7026
2015,5,FALSE,500,11.3502
2015,5,FALSE,600,11.3413
2015,5,FALSE,700,11.342
2015,5,FALSE,800,11.3488
2015,5,FALSE,900,11.3541
2015,5,FALSE,1000,11.3584
2015,5,FALSE,1500,11.4044
2015,5,FALSE,3000,11.5255
2015,5,FALSE,5000,11.5739
2015,6,TRUE,50,4.9854
2015,6,TRUE,70,6.302
2015,6,TRUE,100,7.6032
2015,6,FALSE,200,9.4093
2015,6,FALSE,300,9.7667
2015,6,FALSE,400,10.1239
2015,6,FALSE,500,10.7715
2015,6,FALSE,600,10.7626
2015,6,FALSE,700,10.7633
2015,6,FALSE,800,10.7701
2015,6,FALSE,900,10.7754
2015,6,FALSE,1000,10.7797
2015,6,FALSE,1500,10.8257
2015,6,FALSE,3000,10.9468
2015,6,FALSE,5000,10.9952
2015,7,TRUE,50,4.953
2015,7,TRUE,70,6.2761
2015,7,TRUE,100,7.5853
2015,7,FALSE,200,9.3868
2015,7,FALSE,300,9.7029
2015,7,FALSE,400,10.0193
2015,7,FALSE,500,10.5937
2015,7,FALSE,600,10.5856
2015,7,FALSE,700,10.5869
2015,7,FALSE,800,10.5942
2015,7,FALSE,900,10.5998
2015,7,FALSE,1000,10.6043
2015,7,FALSE,1500,10.6511
2015,7,FALSE,3000,10.773
2015,7,FALSE,5000,10.8217
2015,8,TRUE,50,4.8066
2015,8,TRUE,70,6.0895
2015,8,TRUE,100,7.3585
2015,8,FALSE,200,9.124
2015,8,FALSE,300,9.4401
2015,8,FALSE,400,9.7565
2015,8,FALSE,500,10.331
2015,8,FALSE,600,10.3228
2015,8,FALSE,700,10.3241
2015,8,FALSE,800,10.3314
2015,8,FALSE,900,10.337
2015,8,FALSE,1000,10.3415
2015,8,FALSE,1500,10.3884
2015,8,FALSE,3000,10.5102
2015,8,FALSE,5000,10.5589
2015,9,TRUE,50,4.5384
2015,9,TRUE,70,5.7344
2015,9,TRUE,100,6.9163
2015,9,FALSE,200,8.5567
2015,9,FALSE,300,8.8728
2015,9,FALSE,400,9.1892
2015,9,FALSE,500,9.7637
2015,9,FALSE,600,9.7555
2015,9,FALSE,700,9.7568
2015,9,FALSE,800,9.7641
2015,9,FALSE,900,9.7697
2015,9,FALSE,1000,9.7742
2015,9,FALSE,1500,9.821
2015,9,FALSE,3000,9.9429
2015,9,FALSE,5000,9.9916
2015,10,TRUE,50,4.4861
2015,10,TRUE,70,5.6598
2015,10,TRUE,100,6.8195
2015,10,FALSE,200,8.4248
2015,10,FALSE,300,8.741
2015,10,FALSE,400,9.0574
2015,10,FALSE,500,9.6318
2015,10,FALSE,600,9.6237
2015,10,FALSE,700,9.625
2015,10,FALSE,800,9.6322
2015,10,FALSE,900,9.6379
2015,10,FALSE,1000,9.6424
2015,10,FALSE,1500,9.6892
2015,10,FALSE,3000,9.8111
2015,10,FALSE,5000,9.8598
2015,11,TRUE,50,4.5455
2015,11,TRUE,70,5.738
2015,11,TRUE,100,6.9165
2015,11,FALSE,200,8.5508
2015,11,FALSE,300,8.867
2015,11,FALSE,400,9.1833
2015,11,FALSE,500,9.7578
2015,11,FALSE,600,9.7496
2015,11,FALSE,700,9.7509
2015,11,FALSE,800,9.7582
2015,11,FALSE,900,9.7638
2015,11,FALSE,1000,9.7683
2015,11,FALSE,1500,9.8152
2015,11,FALSE,3000,9.937
2015,11,FALSE,5000,9.9858
2015,12,TRUE,50,4.571
2015,12,TRUE,70,5.7729
2015,12,TRUE,100,6.9609
2015,12,FALSE,200,8.6055
2015,12,FALSE,300,8.9216
2015,12,FALSE,400,9.238
2015,12,FALSE,500,9.8125
2015,12,FALSE,600,9.8043
2015,12,FALSE,700,9.8056
2015,12,FALSE,800,9.8129
2015,12,FALSE,900,9.8185
2015,12,FALSE,1000,9.823
2015,12,FALSE,1500,9.8699
2015,12,FALSE,3000,9.9917
2015,12,FALSE,5000,10.0404
2016,1,TRUE,50,4.461
2016,1,TRUE,70,5.6296
2016,1,TRUE,100,6.7841
2016,1,FALSE,200,8.399
2016,1,FALSE,300,8.7151
2016,1,FALSE,400,9.0315
2016,1,FALSE,500,9.606
2016,1,FALSE,600,9.5978
2016,1,FALSE,700,9.5991
2016,1,FALSE,800,9.6064
2016,1,FALSE,900,9.612
2016,1,FALSE,1000,9.6165
2016,1,FALSE,1500,9.6633
2016,1,FALSE,3000,9.7852
2016,1,FALSE,5000,9.8339
2016,2,TRUE,50,4.6721
2016,2,TRUE,70,5.9033
2016,2,TRUE,100,7.1206
2016,2,FALSE,200,8.8236
2016,2,FALSE,300,9.1398
2016,2,FALSE,400,9.4562
2016,2,FALSE,500,10.0306
2016,2,FALSE,600,10.0225
2016,2,FALSE,700,10.0238
2016,2,FALSE,800,10.031
2016,2,FALSE,900,10.0367
2016,2,FALSE,1000,10.0412
2016,2,FALSE,1500,10.088
2016,2,FALSE,3000,10.2098
2016,2,FALSE,5000,10.2586
2016,3,TRUE,50,4.5781
2016,3,TRUE,70,5.7808
2016,3,TRUE,100,6.9695
2016,3,FALSE,200,8.6335
2016,3,FALSE,300,8.9497
2016,3,FALSE,400,9.2661
2016,3,FALSE,500,9.8405
2016,3,FALSE,600,9.8324
2016,3,FALSE,700,9.8337
2016,3,FALSE,800,9.8409
2016,3,FALSE,900,9.8466
2016,3,FALSE,1000,9.8511
2016,3,FALSE,1500,9.8979
2016,3,FALSE,3000,10.0198
2016,3,FALSE,5000,10.0685
2016,4,TRUE,50,4.7291
2016,4,TRUE,70,5.9522
2016,4,TRUE,100,7.1614
2016,4,FALSE,200,8.856
2016,4,FALSE,300,9.1721
2016,4,FALSE,400,9.4885
2016,4,FALSE,500,10.0629
2016,4,FALSE,600,10.0548
2016,4,FALSE,700,10.0561
2016,4,FALSE,800,10.0633
2016,4,FALSE,900,10.069
2016,4,FALSE,1000,10.0735
2016,4,FALSE,1500,10.1203
2016,4,FALSE,3000,10.2422
2016,4,FALSE,5000,10.2909
2016,5,TRUE,50,4.5411
2016,5,TRUE,70,5.7059
2016,5,TRUE,100,6.8567
2016,5,FALSE,200,8.4437
2016,5,FALSE,300,8.7599
2016,5,FALSE,400,9.0763
2016,5,FALSE,500,9.6507
2016,5,FALSE,600,9.6426
2016,5,FALSE,700,9.6439
2016,5,FALSE,800,9.6511
2016,5,FALSE,900,9.6567
2016,5,FALSE,1000,9.6612
2016,5,FALSE,1500,9.7081
2016,5,FALSE,3000,9.8299
2016,5,FALSE,5000,9.8787
2016,6,TRUE,50,4.4854
2016,6,TRUE,70,5.6317
2016,6,TRUE,100,6.7639
2016,6,FALSE,200,8.3163
2016,6,FALSE,300,8.6325
2016,6,FALSE,400,8.9489
2016,6,FALSE,500,9.5233
2016,6,FALSE,600,9.5152
2016,6,FALSE,700,9.5165
2016,6,FALSE,800,9.5237
2016,6,FALSE,900,9.5294
2016,6,FALSE,1000,9.5339
2016,6,FALSE,1500,9.5807
2016,6,FALSE,3000,9.7026
2016,6,FALSE,5000,9.7513
2016,7,TRUE,50,4.6238
2016,7,TRUE,70,5.8178
2016,7,TRUE,100,6.9977
2016,7,FALSE,200,8.6095
2016,7,FALSE,300,8.9256
2016,7,FALSE,400,9.242
2016,7,FALSE,500,9.8165
2016,7,FALSE,600,9.8083
2016,7,FALSE,700,9.8096
2016,7,FALSE,800,9.8169
2016,7,FALSE,900,9.8225
2016,7,FALSE,1000,9.827
2016,7,FALSE,1500,9.8739
2016,7,FALSE,3000,9.9957
2016,7,FALSE,5000,10.0444
2016,8,TRUE,50,4.5739
2016,8,TRUE,70,5.746
2016,8,TRUE,100,6.9041
2016,8,FALSE,200,8.5025
2016,8,FALSE,300,8.8187
2016,8,FALSE,400,9.1351
2016,8,FALSE,500,9.7095
2016,8,FALSE,600,9.7014
2016,8,FALSE,700,9.7027
2016,8,FALSE,800,9.7099
2016,8,FALSE,900,9.7156
2016,8,FALSE,1000,9.7201
2016,8,FALSE,1500,9.7669
2016,8,FALSE,3000,9.8888
2016,8,FALSE,5000,9.9375
2016,9,TRUE,50,4.5415
2016,9,TRUE,70,5.7114
2016,9,TRUE,100,6.8672
2016,9,FALSE,200,8.4574
2016,9,FALSE,300,8.7736
2016,9,FALSE,400,9.09
2016,9,FALSE,500,9.6644
2016,9,FALSE,600,9.6563
2016,9,FALSE,700,9.6576
2016,9,FALSE,800,9.6648
2016,9,FALSE,900,9.6705
2016,9,FALSE,1000,9.675
2016,9,FALSE,1500,9.7218
2016,9,FALSE,3000,9.8437
2016,9,FALSE,5000,9.8924
2016,10,TRUE,50,4.4871
2016,10,TRUE,70,5.6363
2016,10,TRUE,100,6.7717
2016,10,FALSE,200,8.3358
2016,10,FALSE,300,8.652
2016,10,FALSE,400,8.9684
2016,10,FALSE,500,9.5428
2016,10,FALSE,600,9.5347
2016,10,FALSE,700,9.536
2016,10,FALSE,800,9.5432
2016,10,FALSE,900,9.5488
2016,10,FALSE,1000,9.5533
2016,10,FALSE,1500,9.6002
2016,10,FALSE,3000,9.722
2016,10,FALSE,5000,9.7708
2016,11,TRUE,50,4.4408
2016,11,TRUE,70,5.5781
2016,11,TRUE,100,6.7014
2016,11,FALSE,200,8.2577
2016,11,FALSE,300,8.5738
2016,11,FALSE,400,8.8902
2016,11,FALSE,500,9.4647
2016,11,FALSE,600,9.4565
2016,11,FALSE,700,9.4578
2016,11,FALSE,800,9.4651
2016,11,FALSE,900,9.4707
2016,11,FALSE,1000,9.4752
2016,11,FALSE,1500,9.5221
2016,11,FALSE,3000,9.6439
2016,11,FALSE,5000,9.6926
2016,12,TRUE,50,4.4903
2016,12,TRUE,70,5.644
2016,12,TRUE,100,6.7838
2016,12,FALSE,200,8.3588
2016,12,FALSE,300,8.6749
2016,12,FALSE,400,8.9913
2016,12,FALSE,500,9.5658
2016,12,FALSE,600,9.5576
2016,12,FALSE,700,9.5589
2016,12,FALSE,800,9.5662
2016,12,FALSE,900,9.5718
2016,12,FALSE,1000,9.5763
2016,12,FALSE,1500,9.6231
2016,12,FALSE,3000,9.745
2016,12,FALSE,5000,9.7937
2017,2,TRUE,50,4.7985
2017,2,TRUE,70,6.0493
2017,2,TRUE,100,7.2862
2017,2,FALSE,200,9.0042
2017,2,FALSE,300,9.3203
2017,2,FALSE,400,9.6367
2017,2,FALSE,500,10.2111
2017,2,FALSE,600,10.203
2017,2,FALSE,700,10.2043
2017,2,FALSE,800,10.2116
2017,2,FALSE,900,10.2172
2017,2,FALSE,1000,10.2217
2017,2,FALSE,1500,10.2685
2017,2,FALSE,3000,10.3904
2017,2,FALSE,5000,10.4391
2017,3,TRUE,50,5.0954
2017,3,TRUE,70,6.4495
2017,3,TRUE,100,7.7897
2017,3,FALSE,200,9.6665
2017,3,FALSE,300,9.9827
2017,3,FALSE,400,10.299
2017,3,FALSE,500,10.8735
2017,3,FALSE,600,10.8653
2017,3,FALSE,700,10.8666
2017,3,FALSE,800,10.8739
2017,3,FALSE,900,10.8795
2017,3,FALSE,1000,10.884
2017,3,FALSE,1500,10.9309
2017,3,FALSE,3000,11.0527
2017,3,FALSE,5000,11.1015
2017,4,TRUE,50,5.2178
2017,4,TRUE,70,6.5973
2017,4,TRUE,100,7.9629
2017,4,FALSE,200,9.8927
2017,4,FALSE,300,10.2088
2017,4,FALSE,400,10.5252
2017,4,FALSE,500,11.0996
2017,4,FALSE,600,11.0915
2017,4,FALSE,700,11.0928
2017,4,FALSE,800,11.1001
2017,4,FALSE,900,11.1057
2017,4,FALSE,1000,11.1102
2017,4,FALSE,1500,11.157
2017,4,FALSE,3000,11.2789
2017,4,FALSE,5000,11.3276
2017,5,TRUE,50,5.0916
2017,5,TRUE,70,6.4342
2017,5,TRUE,100,7.7628
2017,5,FALSE,200,9.6021
2017,5,FALSE,300,9.9182
2017,5,FALSE,400,10.2346
2017,5,FALSE,500,10.809
2017,5,FALSE,600,10.8009
2017,5,FALSE,700,10.8022
2017,5,FALSE,800,10.8094
2017,5,FALSE,900,10.8151
2017,5,FALSE,1000,10.8196
2017,5,FALSE,1500,10.8664
2017,5,FALSE,3000,10.9883
2017,5,FALSE,5000,11.037
2017,6,TRUE,50,4.4534
2017,6,TRUE,70,5.5689
2017,6,TRUE,100,6.6705
2017,6,FALSE,200,8.175
2017,6,FALSE,300,8.4911
2017,6,FALSE,400,8.8075
2017,6,FALSE,500,9.3819
2017,6,FALSE,600,9.3738
2017,6,FALSE,700,9.3751
2017,6,FALSE,800,9.3824
2017,6,FALSE,900,9.388
2017,6,FALSE,1000,9.3925
2017,6,FALSE,1500,9.4393
2017,6,FALSE,3000,9.5612
2017,6,FALSE,5000,9.6099
2017,8,TRUE,50,4.5763
2017,8,TRUE,70,5.7197
2017,8,TRUE,100,6.8492
2017,8,FALSE,200,8.3849
2017,8,FALSE,300,8.7011
2017,8,FALSE,400,9.0174
2017,8,FALSE,500,9.5919
2017,8,FALSE,600,9.5837
2017,8,FALSE,700,9.585
2017,8,FALSE,800,9.5923
2017,8,FALSE,900,9.5979
2017,8,FALSE,1000,9.6024
2017,8,FALSE,1500,9.6493
2017,8,FALSE,3000,9.7711
2017,8,FALSE,5000,9.8199
2017,9,TRUE,50,4.9848
2017,9,TRUE,70,6.2583
2017,9,TRUE,100,7.5178
2017,9,FALSE,200,9.2491
2017,9,FALSE,300,9.5652
2017,9,FALSE,400,9.8816
2017,9,FALSE,500,10.4561
2017,9,FALSE,600,10.4479
2017,9,FALSE,700,10.4492
2017,9,FALSE,800,10.4565
2017,9,FALSE,900,10.4621
2017,9,FALSE,1000,10.4666
2017,9,FALSE,1500,10.5135
2017,9,FALSE,3000,10.6353
2017,9,FALSE,5000,10.684
2017,10,TRUE,50,5.0024
2017,10,TRUE,70,6.2813
2017,10,TRUE,100,7.5462
2017,10,FALSE,200,9.2836
2017,10,FALSE,300,9.5998
2017,10,FALSE,400,9.9162
2017,10,FALSE,500,10.4906
2017,10,FALSE,600,10.4824
2017,10,FALSE,700,10.4838
2017,10,FALSE,800,10.491
2017,10,FALSE,900,10.4966
2017,10,FALSE,1000,10.5011
2017,10,FALSE,1500,10.548
2017,10,FALSE,3000,10.6698
2017,10,FALSE,5000,10.7186
2017,11,TRUE,50,5.1685
2017,11,TRUE,70,6.4976
2017,11,TRUE,100,7.8129
2017,11,FALSE,200,9.6272
2017,11,FALSE,300,9.9434
2017,11,FALSE,400,10.2598
2017,11,FALSE,500,10.8342
2017,11,FALSE,600,10.826
2017,11,FALSE,700,10.8274
2017,11,FALSE,800,10.8346
2017,11,FALSE,900,10.8402
2017,11,FALSE,1000,10.8447
2017,11,FALSE,1500,10.8916
2017,11,FALSE,3000,11.0134
2017,11,FALSE,5000,11.0622
2017,12,TRUE,50,4.9821
2017,12,TRUE,70,6.2523
2017,12,TRUE,100,7.5084
2017,12,FALSE,200,9.2487
2017,12,FALSE,300,9.5649
2017,12,FALSE,400,9.8813
2017,12,FALSE,500,10.4557
2017,12,FALSE,600,10.4475
2017,12,FALSE,700,10.4489
2017,12,FALSE,800,10.4561
2017,12,FALSE,900,10.4617
2017,12,FALSE,1000,10.4662
2017,12,FALSE,1500,10.5131
2017,12,FALSE,3000,10.6349
2017,12,FALSE,5000,10.6837
2018,1,TRUE,50,4.7031
2018,1,TRUE,70,5.8973
2018,1,TRUE,100,7.0775
2018,1,FALSE,200,8.7227
2018,1,FALSE,300,9.0388
2018,1,FALSE,400,9.3552
2018,1,FALSE,500,9.9297
2018,1,FALSE,600,9.9215
2018,1,FALSE,700,9.9228
2018,1,FALSE,800,9.9301
2018,1,FALSE,900,9.9357
2018,1,FALSE,1000,9.9402
2018,1,FALSE,1500,9.987
2018,1,FALSE,3000,10.1089
2018,1,FALSE,5000,10.1576
2018,2,TRUE,50,5.1151
2018,2,TRUE,70,6.4092
2018,2,TRUE,100,7.6893
2018,2,FALSE,200,9.4727
2018,2,FALSE,300,9.7888
2018,2,FALSE,400,10.1052
2018,2,FALSE,500,10.6797
2018,2,FALSE,600,10.6715
2018,2,FALSE,700,10.6728
2018,2,FALSE,800,10.6801
2018,2,FALSE,900,10.6857
2018,2,FALSE,1000,10.6902
2018,2,FALSE,1500,10.737
2018,2,FALSE,3000,10.8589
2018,2,FALSE,5000,10.9076
2018,3,TRUE,50,5.536
2018,3,TRUE,70,6.9575
2018,3,TRUE,100,8.365
2018,3,FALSE,200,10.3227
2018,3,FALSE,300,10.6388
2018,3,FALSE,400,10.9552
2018,3,FALSE,500,11.5297
2018,3,FALSE,600,11.5215
2018,3,FALSE,700,11.5228
2018,3,FALSE,800,11.5301
2018,3,FALSE,900,11.5357
2018,3,FALSE,1000,11.5402
2018,3,FALSE,1500,11.587
2018,3,FALSE,3000,11.7089
2018,3,FALSE,5000,11.7576
2018,4,TRUE,50,5.6412
2018,4,TRUE,70,7.0947
2018,4,TRUE,100,8.5342
2018,4,FALSE,200,10.5477
2018,4,FALSE,300,10.8638
2018,4,FALSE,400,11.1802
2018,4,FALSE,500,11.7547
2018,4,FALSE,600,11.7465
2018,4,FALSE,700,11.7478
2018,4,FALSE,800,11.7551
2018,4,FALSE,900,11.7607
2018,4,FALSE,1000,11.7652
2018,4,FALSE,1500,11.8121
2018,4,FALSE,3000,11.9339
2018,4,FALSE,5000,11.9826
2018,5,TRUE,50,5.3778
2018,5,TRUE,70,6.753
2018,5,TRUE,100,8.1142
2018,5,FALSE,200,10.0041
2018,5,FALSE,300,10.3202
2018,5,FALSE,400,10.6366
2018,5,FALSE,500,11.2111
2018,5,FALSE,600,11.2029
2018,5,FALSE,700,11.2042
2018,5,FALSE,800,11.2115
2018,5,FALSE,900,11.2171
2018,5,FALSE,1000,11.2216
2018,5,FALSE,1500,11.2685
2018,5,FALSE,3000,11.3903
2018,5,FALSE,5000,11.4391
2018,6,TRUE,50,5.3734
2018,6,TRUE,70,6.7192
2018,6,TRUE,100,8.051
2018,6,FALSE,200,9.8789
2018,6,FALSE,300,10.195
2018,6,FALSE,400,10.5114
2018,6,FALSE,500,11.0859
2018,6,FALSE,600,11.0777
2018,6,FALSE,700,11.079
2018,6,FALSE,800,11.0863
2018,6,FALSE,900,11.0919
2018,6,FALSE,1000,11.0964
2018,6,FALSE,1500,11.1433
2018,6,FALSE,3000,11.2651
2018,6,FALSE,5000,11.3138
2018,7,TRUE,50,5.5295
2018,7,TRUE,70,6.9236
2018,7,TRUE,100,8.3038
2018,7,FALSE,200,10.1925
2018,7,FALSE,300,10.5086
2018,7,FALSE,400,10.825
2018,7,FALSE,500,11.3995
2018,7,FALSE,600,11.3913
2018,7,FALSE,700,11.3926
2018,7,FALSE,800,11.3999
2018,7,FALSE,900,11.4055
2018,7,FALSE,1000,11.41
2018,7,FALSE,1500,11.4569
2018,7,FALSE,3000,11.5787
2018,7,FALSE,5000,11.6274
2018,8,TRUE,50,5.5368
2018,8,TRUE,70,6.9305
2018,8,TRUE,100,8.3102
2018,8,FALSE,200,10.219
2018,8,FALSE,300,10.5351
2018,8,FALSE,400,10.8515
2018,8,FALSE,500,11.4259
2018,8,FALSE,600,11.4178
2018,8,FALSE,700,11.4191
2018,8,FALSE,800,11.4263
2018,8,FALSE,900,11.432
2018,8,FALSE,1000,11.4365
2018,8,FALSE,1500,11.4833
2018,8,FALSE,3000,11.6052
2018,8,FALSE,5000,11.6539
2018,9,TRUE,50,5.4578
2018,9,TRUE,70,6.8316
2018,9,TRUE,100,8.1914
2018,9,FALSE,200,10.0732
2018,9,FALSE,300,10.3893
2018,9,FALSE,400,10.7057
2018,9,FALSE,500,11.2801
2018,9,FALSE,600,11.272
2018,9,FALSE,700,11.2733
2018,9,FALSE,800,11.2805
2018,9,FALSE,900,11.2862
2018,9,FALSE,1000,11.2907
2018,9,FALSE,1500,11.3375
2018,9,FALSE,3000,11.4594
2018,9,FALSE,5000,11.5081
2018,10,TRUE,50,5.407
2018,10,TRUE,70,6.7681
2018,10,TRUE,100,8.1154
2018,10,FALSE,200,9.9766
2018,10,FALSE,300,10.2927
2018,10,FALSE,400,10.6091
2018,10,FALSE,500,11.1836
2018,10,FALSE,600,11.1754
2018,10,FALSE,700,11.1767
2018,10,FALSE,800,11.184
2018,10,FALSE,900,11.1896
2018,10,FALSE,1000,11.1941
2018,10,FALSE,1500,11.241
2018,10,FALSE,3000,11.3628
2018,10,FALSE,5000,11.4115
2018,11,TRUE,50,5.4662
2018,11,TRUE,70,6.8441
2018,11,TRUE,100,8.2081
2018,11,FALSE,200,10.0901
2018,11,FALSE,300,10.4062
2018,11,FALSE,400,10.7226
2018,11,FALSE,500,11.297
2018,11,FALSE,600,11.2889
2018,11,FALSE,700,11.2902
2018,11,FALSE,800,11.2975
2018,11,FALSE,900,11.3031
2018,11,FALSE,1000,11.3076
2018,11,FALSE,1500,11.3544
2018,11,FALSE,3000,11.4763
2018,11,FALSE,5000,11.525
2018,12,TRUE,50,5.5118
2018,12,TRUE,70,6.9027
2018,12,TRUE,100,8.2796
2018,12,FALSE,200,10.1803
2018,12,FALSE,300,10.4964
2018,12,FALSE,400,10.8128
2018,12,FALSE,500,11.3872
2018,12,FALSE,600,11.3791
2018,12,FALSE,700,11.3804
2018,12,FALSE,800,11.3876
2018,12,FALSE,900,11.3932
2018,12,FALSE,1000,11.3977
2018,12,FALSE,1500,11.4446
2018,12,FALSE,3000,11.5664
2018,12,FALSE,5000,11.6152
2019,1,TRUE,50,5.339
2019,1,TRUE,70,6.675
2019,1,TRUE,100,7.9971
2019,1,FALSE,200,9.8385
2019,1,FALSE,300,10.1546
2019,1,FALSE,400,10.471
2019,1,FALSE,500,11.0454
2019,1,FALSE,600,11.0373
2019,1,FALSE,700,11.0386
2019,1,FALSE,800,11.0458
2019,1,FALSE,900,11.0515
2019,1,FALSE,1000,11.056
2019,1,FALSE,1500,11.1028
2019,1,FALSE,3000,11.2247
2019,1,FALSE,5000,11.2734
2019,2,TRUE,50,5.3108
2019,2,TRUE,70,6.8224
2019,2,TRUE,100,8.32
2019,2,FALSE,200,10.4067
2019,2,FALSE,300,10.7228
2019,2,FALSE,400,11.0392
2019,2,FALSE,500,11.6136
2019,2,FALSE,600,11.6055
2019,2,FALSE,700,11.6068
2019,2,FALSE,800,11.614
2019,2,FALSE,900,11.6197
2019,2,FALSE,1000,11.6242
2019,2,FALSE,1500,11.671
2019,2,FALSE,3000,11.7929
2019,2,FALSE,5000,11.8416
2019,3,TRUE,50,5.5528
2019,3,TRUE,70,7.0133
2019,3,TRUE,100,8.4598
2019,3,FALSE,200,10.4961
2019,3,FALSE,300,10.8122
2019,3,FALSE,400,11.1286
2019,3,FALSE,500,11.7031
2019,3,FALSE,600,11.6949
2019,3,FALSE,700,11.6962
2019,3,FALSE,800,11.7035
2019,3,FALSE,900,11.7091
2019,3,FALSE,1000,11.7136
2019,3,FALSE,1500,11.7604
2019,3,FALSE,3000,11.8823
2019,3,FALSE,5000,11.931
2019,4,TRUE,50,5.577
2019,4,TRUE,70,7.049
2019,4,TRUE,100,8.507
2019,4,FALSE,200,10.5594
2019,4,FALSE,300,10.8755
2019,4,FALSE,400,11.1919
2019,4,FALSE,500,11.7663
2019,4,FALSE,600,11.7582
2019,4,FALSE,700,11.7595
2019,4,FALSE,800,11.7668
2019,4,FALSE,900,11.7724
2019,4,FALSE,1000,11.7769
2019,4,FALSE,1500,11.8237
2019,4,FALSE,3000,11.9456
2019,4,FALSE,5000,11.9943
2019,5,TRUE,50,5.452
2019,5,TRUE,70,6.8939
2019,5,TRUE,100,8.3217
2019,5,FALSE,200,10.2866
2019,5,FALSE,300,10.6027
2019,5,FALSE,400,10.9192
2019,5,FALSE,500,11.4936
2019,5,FALSE,600,11.4854
2019,5,FALSE,700,11.4867
2019,5,FALSE,800,11.494
2019,5,FALSE,900,11.4996
2019,5,FALSE,1000,11.5041
2019,5,FALSE,1500,11.551
2019,5,FALSE,3000,11.6728
2019,5,FALSE,5000,11.7215
2019,6,TRUE,50,5.3698
2019,6,TRUE,70,6.7801
2019,6,TRUE,100,8.1764
2019,6,FALSE,200,10.0918
2019,6,FALSE,300,10.4079
2019,6,FALSE,400,10.7243
2019,6,FALSE,500,11.2987
2019,6,FALSE,600,11.2906
2019,6,FALSE,700,11.2919
2019,6,FALSE,800,11.2992
2019,6,FALSE,900,11.3048
2019,6,FALSE,1000,11.3093
2019,6,FALSE,1500,11.3561
2019,6,FALSE,3000,11.478
2019,6,FALSE,5000,11.5267
2019,7,TRUE,50,5.3052
2019,7,TRUE,70,6.7064
2019,7,TRUE,100,8.0936
2019,7,FALSE,200,9.985
2019,7,FALSE,300,10.3011
2019,7,FALSE,400,10.6175
2019,7,FALSE,500,11.1919
2019,7,FALSE,600,11.1838
2019,7,FALSE,700,11.1851
2019,7,FALSE,800,11.1923
2019,7,FALSE,900,11.198
2019,7,FALSE,1000,11.2025
2019,7,FALSE,1500,11.2493
2019,7,FALSE,3000,11.3712
2019,7,FALSE,5000,11.4199
2019,8,TRUE,50,5.1374
2019,8,TRUE,70,6.4601
2019,8,TRUE,100,7.7688
2019,8,FALSE,200,9.5674
2019,8,FALSE,300,9.8836
2019,8,FALSE,400,10.2
2019,8,FALSE,500,10.7744
2019,8,FALSE,600,10.7662
2019,8,FALSE,700,10.7676
2019,8,FALSE,800,10.7748
2019,8,FALSE,900,10.7804
2019,8,FALSE,1000,10.7849
2019,8,FALSE,1500,10.8318
2019,8,FALSE,3000,10.9536
2019,8,FALSE,5000,11.0024
2019,9,TRUE,50,4.8784
2019,9,TRUE,70,6.1199
2019,9,TRUE,100,7.3475
2019,9,FALSE,200,9.0414
2019,9,FALSE,300,9.3576
2019,9,FALSE,400,9.674
2019,9,FALSE,500,10.2484
2019,9,FALSE,600,10.2402
2019,9,FALSE,700,10.2416
2019,9,FALSE,800,10.2488
2019,9,FALSE,900,10.2544
2019,9,FALSE,1000,10.2589
2019,9,FALSE,1500,10.3058
2019,9,FALSE,3000,10.4276
2019,9,FALSE,5000,10.4764
2019,10,TRUE,50,4.904
2019,10,TRUE,70,6.1524
2019,10,TRUE,100,7.3868
2019,10,FALSE,200,9.0862
2019,10,FALSE,300,9.4024
2019,10,FALSE,400,9.7188
2019,10,FALSE,500,10.2932
2019,10,FALSE,600,10.2851
2019,10,FALSE,700,10.2864
2019,10,FALSE,800,10.2936
2019,10,FALSE,900,10.2993
2019,10,FALSE,1000,10.3038
2019,10,FALSE,1500,10.3506
2019,10,FALSE,3000,10.4725
2019,10,FALSE,5000,10.5212
2019,11,TRUE,50,5.1242
2019,11,TRUE,70,6.456
2019,11,TRUE,100,7.7577
2019,11,FALSE,200,9.5579
2019,11,FALSE,300,9.8741
2019,11,FALSE,400,10.1905
2019,11,FALSE,500,10.7649
2019,11,FALSE,600,10.7568
2019,11,FALSE,700,10.7581
2019,11,FALSE,800,10.7654
2019,11,FALSE,900,10.771
2019,11,FALSE,1000,10.7755
2019,11,FALSE,1500,10.8223
2019,11,FALSE,3000,10.9442
2019,11,FALSE,5000,10.9929
2019,12,TRUE,50,5.281
2019,12,TRUE,70,6.6481
2019,12,TRUE,100,8.0013
2019,12,FALSE,200,9.8623
2019,12,FALSE,300,10.1785
2019,12,FALSE,400,10.4949
2019,12,FALSE,500,11.0693
2019,12,FALSE,600,11.0612
2019,12,FALSE,700,11.0625
2019,12,FALSE,800,11.0697
2019,12,FALSE,900,11.0754
2019,12,FALSE,1000,11.0799
2019,12,FALSE,1500,11.1267
2019,12,FALSE,3000,11.2486
2019,12,FALSE,5000,11.2973
2020,1,TRUE,50,5.0612
2020,1,TRUE,70,6.366
2020,1,TRUE,100,7.6568
2020,1,FALSE,200,9.4523
2020,1,FALSE,300,9.7684
2020,1,FALSE,400,10.0849
2020,1,FALSE,500,10.6593
2020,1,FALSE,600,10.6511
2020,1,FALSE,700,10.6524
2020,1,FALSE,800,10.6597
2020,1,FALSE,900,10.6653
2020,1,FALSE,1000,10.6698
2020,1,FALSE,1500,10.7167
2020,1,FALSE,3000,10.8385
2020,1,FALSE,5000,10.8872
2020,2,TRUE,50,4.6604
2020,2,TRUE,70,5.909
2020,2,TRUE,100,7.1435
2020,2,FALSE,200,8.8623
2020,2,FALSE,300,9.1784
2020,2,FALSE,400,9.4948
2020,2,FALSE,500,10.0692
2020,2,FALSE,600,10.0611
2020,2,FALSE,700,10.0624
2020,2,FALSE,800,10.0696
2020,2,FALSE,900,10.0752
2020,2,FALSE,1000,10.0797
2020,2,FALSE,1500,10.1266
2020,2,FALSE,3000,10.2484
2020,2,FALSE,5000,10.2972
2020,3,TRUE,50,4.6082
2020,3,TRUE,70,5.8823
2020,3,TRUE,100,7.1424
2020,3,FALSE,200,8.8901
2020,3,FALSE,300,9.2062
2020,3,FALSE,400,9.5226
2020,3,FALSE,500,10.0971
2020,3,FALSE,600,10.0889
2020,3,FALSE,700,10.0902
2020,3,FALSE,800,10.0975
2020,3,FALSE,900,10.1031
2020,3,FALSE,1000,10.1076
2020,3,FALSE,1500,10.1545
2020,3,FALSE,3000,10.2763
2020,3,FALSE,5000,10.325
2020,4,FALSE,50,4.7122
2020,4,FALSE,70,5.982
2020,4,FALSE,100,7.2379
2020,4,FALSE,200,8.9951
2020,4,FALSE,300,9.3113
2020,4,FALSE,400,9.6276
2020,4,FALSE,500,10.202
2020,4,FALSE,600,10.1938
2020,4,FALSE,700,10.1951
2020,4,FALSE,800,10.2025
2020,4,FALSE,900,10.2081
2020,4,FALSE,1000,10.2125
2020,4,FALSE,1500,10.2594
2020,4,FALSE,3000,10.3813
2020,4,FALSE,5000,10.4299
2020,5,FALSE,50,4.5888
2020,5,FALSE,70,5.8179
2020,5,FALSE,100,7.033
2020,5,FALSE,200,8.7468
2020,5,FALSE,300,9.0629
2020,5,FALSE,400,9.3793
2020,5,FALSE,500,9.9537
2020,5,FALSE,600,9.9456
2020,5,FALSE,700,9.9469
2020,5,FALSE,800,9.9541
2020,5,FALSE,900,9.9598
2020,5,FALSE,1000,9.9643
2020,5,FALSE,1500,10.0111
2020,5,FALSE,3000,10.133
2020,5,FALSE,5000,10.1817
2020,6,FALSE,50,4.6398
2020,6,FALSE,70,5.8692
2020,6,FALSE,100,7.0849
2020,6,FALSE,200,8.7252
2020,6,FALSE,300,9.0414
2020,6,FALSE,400,9.3577
2020,6,FALSE,500,9.9322
2020,6,FALSE,600,9.924
2020,6,FALSE,700,9.9253
2020,6,FALSE,800,9.9325
2020,6,FALSE,900,9.9382
2020,6,FALSE,1000,9.9427
2020,6,FALSE,1500,9.9895
2020,6,FALSE,3000,10.1114
2020,6,FALSE,5000,10.1601
2020,7,FALSE,50,4.5993
2020,7,FALSE,70,5.8273
2020,7,FALSE,100,7.0414
2020,7,FALSE,200,8.6966
2020,7,FALSE,300,9.0128
2020,7,FALSE,400,9.3291
2020,7,FALSE,500,9.9036
2020,7,FALSE,600,9.8956
2020,7,FALSE,700,9.8967
2020,7,FALSE,800,9.904
2020,7,FALSE,900,9.9096
2020,7,FALSE,1000,9.9141
2020,7,FALSE,1500,9.9609
2020,7,FALSE,3000,10.0829
2020,7,FALSE,5000,10.1315
2020,8,FALSE,50,4.4964
2020,8,FALSE,70,5.692
2020,8,FALSE,100,6.8735
2020,8,FALSE,200,8.4911
2020,8,FALSE,300,8.8073
2020,8,FALSE,400,9.1237
2020,8,FALSE,500,9.6981
2020,8,FALSE,600,9.6899
2020,8,FALSE,700,9.6913
2020,8,FALSE,800,9.6985
2020,8,FALSE,900,9.7041
2020,8,FALSE,1000,9.7086
2020,8,FALSE,1500,9.7555
2020,8,FALSE,3000,9.8773
2020,8,FALSE,5000,9.9261
2020,9,FALSE,50,4.467
2020,9,FALSE,70,5.6523
2020,9,FALSE,100,6.8235
2020,9,FALSE,200,8.4288
2020,9,FALSE,300,8.7449
2020,9,FALSE,400,9.0613
2020,9,FALSE,500,9.6357
2020,9,FALSE,600,9.6276
2020,9,FALSE,700,9.6289
2020,9,FALSE,800,9.6362
2020,9,FALSE,900,9.6418
2020,9,FALSE,1000,9.6463
2020,9,FALSE,1500,9.6931
2020,9,FALSE,3000,9.815
2020,9,FALSE,5000,9.8637
2020,10,FALSE,50,3.2384
2020,10,FALSE,70,4.1509
2020,10,FALSE,100,5.0637
2020,10,FALSE,200,8.55
2020,10,FALSE,300,8.8661
2020,10,FALSE,400,9.1824
2020,10,FALSE,500,9.757
2020,10,FALSE,600,9.7487
2020,10,FALSE,700,9.75
2020,10,FALSE,800,9.7574
2020,10,FALSE,900,9.763
2020,10,FALSE,1000,9.7674
2020,10,FALSE,1500,9.8143
2020,10,FALSE,3000,9.9362
2020,10,FALSE,5000,9.9848
2020,11,FALSE,50,4.516
2020,11,FALSE,70,5.7175
2020,11,FALSE,100,6.9047
2020,11,FALSE,200,8.5105
2020,11,FALSE,300,8.8266
2020,11,FALSE,400,9.143
2020,11,FALSE,500,9.7173
2020,11,FALSE,600,9.7093
2020,11,FALSE,700,9.7106
2020,11,FALSE,800,9.7179
2020,11,FALSE,900,9.7234
2020,11,FALSE,1000,9.728
2020,11,FALSE,1500,9.7748
2020,11,FALSE,3000,9.8967
2020,11,FALSE,5000,9.9453
2020,12,FALSE,50,4.4816
2020,12,FALSE,70,5.6721
2020,12,FALSE,100,6.8488
2020,12,FALSE,200,8.4753
2020,12,FALSE,300,8.7914
2020,12,FALSE,400,9.1078
2020,12,FALSE,500,9.6823
2020,12,FALSE,600,9.6741
2020,12,FALSE,700,9.6754
2020,12,FALSE,800,9.6827
2020,12,FALSE,900,9.6883
2020,12,FALSE,1000,9.6928
2020,12,FALSE,1500,9.7397
2020,12,FALSE,3000,9.8615
2020,12,FALSE,5000,9.9102
2021,1,FALSE,50,4.6412
2021,1,FALSE,70,5.8654
2021,1,FALSE,100,7.0757
2021,1,FALSE,200,8.7497
2021,1,FALSE,300,9.0658
2021,1,FALSE,400,9.3822
2021,1,FALSE,500,9.9566
2021,1,FALSE,600,9.9485
2021,1,FALSE,700,9.9498
2021,1,FALSE,800,9.9571
2021,1,FALSE,900,9.9627
2021,1,FALSE,1000,9.9672
2021,1,FALSE,1500,10.014
2021,1,FALSE,3000,10.1359
2021,1,FALSE,5000,10.1846
2021,2,FALSE,50,4.5984
2021,2,FALSE,70,5.8123
2021,2,FALSE,100,7.0121
2021,2,FALSE,200,8.6793
2021,2,FALSE,300,8.9954
2021,2,FALSE,400,9.3118
2021,2,FALSE,500,9.8862
2021,2,FALSE,600,9.8781
2021,2,FALSE,700,9.8794
2021,2,FALSE,800,9.8866
2021,2,FALSE,900,9.8923
2021,2,FALSE,1000,9.8968
2021,2,FALSE,1500,9.9436
2021,2,FALSE,3000,10.0655
2021,2,FALSE,5000,10.1142
2021,3,FALSE,50,4.4144
2021,3,FALSE,70,5.5747
2021,3,FALSE,100,6.7212
2021,3,FALSE,200,8.3195
2021,3,FALSE,300,8.6357
2021,3,FALSE,400,8.9521
2021,3,FALSE,500,9.5265
2021,3,FALSE,600,9.5183
2021,3,FALSE,700,9.5197
2021,3,FALSE,800,9.5269
2021,3,FALSE,900,9.5325
2021,3,FALSE,1000,9.537
2021,3,FALSE,1500,9.5839
2021,3,FALSE,3000,9.7057
2021,3,FALSE,5000,9.7545
2021,4,FALSE,50,4.4524
2021,4,FALSE,70,5.628
2021,4,FALSE,100,6.7897
2021,4,FALSE,200,8.4067
2021,4,FALSE,300,8.7228
2021,4,FALSE,400,9.0392
2021,4,FALSE,500,9.6137
2021,4,FALSE,600,9.6055
2021,4,FALSE,700,9.6068
2021,4,FALSE,800,9.6141
2021,4,FALSE,900,9.6197
2021,4,FALSE,1000,9.6242
2021,4,FALSE,1500,9.671
2021,4,FALSE,3000,9.7929
2021,4,FALSE,5000,9.8416
2021,5,FALSE,50,4.5654
2021,5,FALSE,70,5.7699
2021,5,FALSE,100,6.9607
2021,5,FALSE,200,8.592
2021,5,FALSE,300,8.9066
2021,5,FALSE,400,9.2213
2021,5,FALSE,500,9.793
2021,5,FALSE,600,9.7848
2021,5,FALSE,700,9.7861
2021,5,FALSE,800,9.7935
2021,5,FALSE,900,9.7991
2021,5,FALSE,1000,9.8035
2021,5,FALSE,1500,9.8505
2021,5,FALSE,3000,9.9724
2021,5,FALSE,5000,10.0211
2021,6,FALSE,50,4.6096
2021,6,FALSE,70,5.8254
2021,6,FALSE,100,7.0272
2021,6,FALSE,200,8.6718
2021,6,FALSE,300,8.9864
2021,6,FALSE,400,9.3011
2021,6,FALSE,500,9.8727
2021,6,FALSE,600,9.8646
2021,6,FALSE,700,9.8658
2021,6,FALSE,800,9.8733
2021,6,FALSE,900,9.8789
2021,6,FALSE,1000,9.8833
2021,6,FALSE,1500,9.9303
2021,6,FALSE,3000,10.0522
2021,6,FALSE,5000,10.1008
2021,7,FALSE,50,4.7283
2021,7,FALSE,70,5.9822
2021,7,FALSE,100,7.2221
2021,7,FALSE,200,8.9071
2021,7,FALSE,300,9.2233
2021,7,FALSE,400,9.5396
2021,7,FALSE,500,10.1142
2021,7,FALSE,600,10.1059
2021,7,FALSE,700,10.1072
2021,7,FALSE,800,10.1146
2021,7,FALSE,900,10.1202
2021,7,FALSE,1000,10.1246
2021,7,FALSE,1500,10.1715
2021,7,FALSE,3000,10.2934
2021,7,FALSE,5000,10.3421
2021,8,FALSE,50,4.7641
2021,8,FALSE,70,6.0314
2021,8,FALSE,100,7.2846
2021,8,FALSE,200,9.0036
2021,8,FALSE,300,9.3198
2021,8,FALSE,400,9.6361
2021,8,FALSE,500,10.2105
2021,8,FALSE,600,10.2024
2021,8,FALSE,700,10.2036
2021,8,FALSE,800,10.2111
2021,8,FALSE,900,10.2166
2021,8,FALSE,1000,10.221
2021,8,FALSE,1500,10.2679
2021,8,FALSE,3000,10.3899
2021,8,FALSE,5000,10.4384
2021,9,FALSE,50,4.8314
2021,9,FALSE,70,6.1096
2021,9,FALSE,100,7.3737
2021,9,FALSE,200,9.1091
2021,9,FALSE,300,9.4253
2021,9,FALSE,400,9.7416
2021,9,FALSE,500,10.3162
2021,9,FALSE,600,10.3079
2021,9,FALSE,700,10.3092
2021,9,FALSE,800,10.3166
2021,9,FALSE,900,10.3222
2021,9,FALSE,1000,10.3266
2021,9,FALSE,1500,10.3735
2021,9,FALSE,3000,10.4954
2021,9,FALSE,5000,10.544
2021,10,FALSE,50,4.8358
2021,10,FALSE,70,6.1206
2021,10,FALSE,100,7.3914
2021,10,FALSE,200,9.1374
2021,10,FALSE,300,9.4536
2021,10,FALSE,400,9.7699
2021,10,FALSE,500,10.3444
2021,10,FALSE,600,10.3362
2021,10,FALSE,700,10.3374
2021,10,FALSE,800,10.3449
2021,10,FALSE,900,10.3505
2021,10,FALSE,1000,10.3549
2021,10,FALSE,1500,10.4017
2021,10,FALSE,3000,10.5237
2021,10,FALSE,5000,10.5723
2021,11,FALSE,50,4.9867
2021,11,FALSE,70,6.3229
2021,11,FALSE,100,7.6454
2021,11,FALSE,200,9.463
2021,11,FALSE,300,9.7792
2021,11,FALSE,400,10.0955
2021,11,FALSE,500,10.67
2021,11,FALSE,600,10.6618
2021,11,FALSE,700,10.663
2021,11,FALSE,800,10.6704
2021,11,FALSE,900,10.676
2021,11,FALSE,1000,10.6805
2021,11,FALSE,1500,10.7274
2021,11,FALSE,3000,10.8492
2021,11,FALSE,5000,10.8979
2021,12,FALSE,50,5.144
2021,12,FALSE,70,6.5275
2021,12,FALSE,100,7.8971
2021,12,FALSE,200,9.7773
2021,12,FALSE,300,10.0935
2021,12,FALSE,400,10.4098
2021,12,FALSE,500,10.9843
2021,12,FALSE,600,10.976
2021,12,FALSE,700,10.9773
2021,12,FALSE,800,10.9847
2021,12,FALSE,900,10.9904
2021,12,FALSE,1000,10.9948
2021,12,FALSE,1500,11.0416
2021,12,FALSE,3000,11.1635
2021,12,FALSE,5000,11.2122
2022,1,FALSE,50,5.0899
2022,1,FALSE,70,6.4603
2022,1,FALSE,100,7.8168
2022,1,FALSE,200,9.7027
2022,1,FALSE,300,10.0173
2022,1,FALSE,400,10.332
2022,1,FALSE,500,10.9037
2022,1,FALSE,600,10.8955
2022,1,FALSE,700,10.8968
2022,1,FALSE,800,10.9042
2022,1,FALSE,900,10.9099
2022,1,FALSE,1000,10.9143
2022,1,FALSE,1500,10.9612
2022,1,FALSE,3000,11.0831
2022,1,FALSE,5000,11.1318
2022,2,FALSE,50,5.05
2022,2,FALSE,70,6.3936
2022,2,FALSE,100,7.7232
2022,2,FALSE,200,9.5842
2022,2,FALSE,300,9.9004
2022,2,FALSE,400,10.2167
2022,2,FALSE,500,10.7912
2022,2,FALSE,600,10.783
2022,2,FALSE,700,10.7842
2022,2,FALSE,800,10.7917
2022,2,FALSE,900,10.7973
2022,2,FALSE,1000,10.8016
2022,2,FALSE,1500,10.8485
2022,2,FALSE,3000,10.9705
2022,2,FALSE,5000,11.0191
2022,3,FALSE,50,5.0593
2022,3,FALSE,70,6.4229
2022,3,FALSE,100,7.7726
2022,3,FALSE,200,9.6467
2022,3,FALSE,300,9.9628
2022,3,FALSE,400,10.2791
2022,3,FALSE,500,10.8537
2022,3,FALSE,600,10.8455
2022,3,FALSE,700,10.8467
2022,3,FALSE,800,10.8541
2022,3,FALSE,900,10.8598
2022,3,FALSE,1000,10.8642
2022,3,FALSE,1500,10.911
2022,3,FALSE,3000,11.0329
2022,3,FALSE,5000,11.0816
2022,4,FALSE,50,5.3462
2022,4,FALSE,70,6.7848
2022,4,FALSE,100,8.2093
2022,4,FALSE,200,10.183
2022,4,FALSE,300,10.4992
2022,4,FALSE,400,10.8155
2022,4,FALSE,500,11.3899
2022,4,FALSE,600,11.3817
2022,4,FALSE,700,11.383
2022,4,FALSE,800,11.3903
2022,4,FALSE,900,11.396
2022,4,FALSE,1000,11.4004
2022,4,FALSE,1500,11.4473
2022,4,FALSE,3000,11.5691
2022,4,FALSE,5000,11.6178
2022,5,FALSE,50,5.2894
2022,5,FALSE,70,6.7146
2022,5,FALSE,100,8.1258
2022,5,FALSE,200,10.063
2022,5,FALSE,300,10.3791
2022,5,FALSE,400,10.6956
2022,5,FALSE,500,11.2699
2022,5,FALSE,600,11.2617
2022,5,FALSE,700,11.263
2022,5,FALSE,800,11.2703
2022,5,FALSE,900,11.276
2022,5,FALSE,1000,11.2804
2022,5,FALSE,1500,11.3273
2022,5,FALSE,3000,11.4491
2022,5,FALSE,5000,11.4978
2022,6,FALSE,50,5.4936
2022,6,FALSE,70,6.9781
2022,6,FALSE,100,8.4488
2022,6,FALSE,200,10.4612
2022,6,FALSE,300,10.7774
2022,6,FALSE,400,11.0937
2022,6,FALSE,500,11.6682
2022,6,FALSE,600,11.66
2022,6,FALSE,700,11.6613
2022,6,FALSE,800,11.6686
2022,6,FALSE,900,11.6742
2022,6,FALSE,1000,11.6787
2022,6,FALSE,1500,11.7256
2022,6,FALSE,3000,11.8474
2022,6,FALSE,5000,11.8961
2022,7,FALSE,50,5.1422
2022,7,FALSE,70,6.5213
2022,7,FALSE,100,7.8863
2022,7,FALSE,200,9.7545
2022,7,FALSE,300,10.0707
2022,7,FALSE,400,10.3871
2022,7,FALSE,500,10.9615
2022,7,FALSE,600,10.9533
2022,7,FALSE,700,10.9547
2022,7,FALSE,800,10.9619
2022,7,FALSE,900,10.9675
2022,7,FALSE,1000,10.972
2022,7,FALSE,1500,11.0189
2022,7,FALSE,3000,11.1407
2022,7,FALSE,5000,11.1895
2022,8,FALSE,50,5.0405
2022,8,FALSE,70,6.3849
2022,8,FALSE,100,7.7161
2022,8,FALSE,200,9.5458
2022,8,FALSE,300,9.8551
2022,8,FALSE,400,10.1647
2022,8,FALSE,500,10.7272
2022,8,FALSE,600,10.7191
2022,8,FALSE,700,10.7205
2022,8,FALSE,800,10.7279
2022,8,FALSE,900,10.7336
2022,8,FALSE,1000,10.7381
2022,8,FALSE,1500,10.785
2022,8,FALSE,3000,10.9071
2022,8,FALSE,5000,10.9558
2022,9,FALSE,50,5.246
2022,9,FALSE,70,6.6468
2022,9,FALSE,100,8.0338
2022,9,FALSE,200,9.9365
2022,9,FALSE,300,10.246
2022,9,FALSE,400,10.5556
2022,9,FALSE,500,11.1181
2022,9,FALSE,600,11.11
2022,9,FALSE,700,11.1113
2022,9,FALSE,800,11.1189
2022,9,FALSE,900,11.1245
2022,9,FALSE,1000,11.129
2022,9,FALSE,1500,11.1758
2022,9,FALSE,3000,11.298
2022,9,FALSE,5000,11.3467
2022,10,FALSE,50,5.1786
2022,10,FALSE,70,6.5759
2022,10,FALSE,100,7.9593
2022,10,FALSE,200,9.8628
2022,10,FALSE,300,10.1721
2022,10,FALSE,400,10.4818
2022,10,FALSE,500,11.0443
2022,10,FALSE,600,11.0362
2022,10,FALSE,700,11.0375
2022,10,FALSE,800,11.045
2022,10,FALSE,900,11.0506
2022,10,FALSE,1000,11.0552
2022,10,FALSE,1500,11.1021
2022,10,FALSE,3000,11.2242
2022,10,FALSE,5000,11.2729
2022,11,FALSE,50,5.2183
2022,11,FALSE,70,6.6279
2022,11,FALSE,100,8.0239
2022,11,FALSE,200,9.9472
2022,11,FALSE,300,10.2566
2022,11,FALSE,400,10.5663
2022,11,FALSE,500,11.1287
2022,11,FALSE,600,11.1206
2022,11,FALSE,700,11.122
2022,11,FALSE,800,11.1295
2022,11,FALSE,900,11.1352
2022,11,FALSE,1000,11.1397
2022,11,FALSE,1500,11.1865
2022,11,FALSE,3000,11.3086
2022,11,FALSE,5000,11.3574
2022,12,FALSE,50,5.3611
2022,12,FALSE,70,6.8263
2022,12,FALSE,100,8.2774
2022,12,FALSE,200,10.2769
2022,12,FALSE,300,10.5863
2022,12,FALSE,400,10.8959
2022,12,FALSE,500,11.4584
2022,12,FALSE,600,11.4503
2022,12,FALSE,700,11.4517
2022,12,FALSE,800,11.4592
2022,12,FALSE,900,11.4648
2022,12,FALSE,1000,11.4693
2022,12,FALSE,1500,11.5162
2022,12,FALSE,3000,11.6384
2022,12,FALSE,5000,11.687
2023,1,FALSE,50,5.6586
2023,1,FALSE,70,7.2179
2023,1,FALSE,100,8.7635
2023,1,FALSE,200,10.9001
2023,1,FALSE,300,11.2079
2023,1,FALSE,400,11.5161
2023,1,FALSE,500,12.0758
2023,1,FALSE,600,12.0677
2023,1,FALSE,700,12.0691
2023,1,FALSE,800,12.0766
2023,1,FALSE,900,12.0823
2023,1,FALSE,1000,12.0868
2023,1,FALSE,1500,12.1337
2023,1,FALSE,3000,12.2559
2023,1,FALSE,5000,12.3046
2023,2,FALSE,50,5.6304
2023,2,FALSE,70,7.186
2023,2,FALSE,100,8.7283
2023,2,FALSE,200,10.8895
2023,2,FALSE,300,11.1989
2023,2,FALSE,400,11.5085
2023,2,FALSE,500,12.071
2023,2,FALSE,600,12.063
2023,2,FALSE,700,12.0642
2023,2,FALSE,800,12.0718
2023,2,FALSE,900,12.0774
2023,2,FALSE,1000,12.0819
2023,2,FALSE,1500,12.1289
2023,2,FALSE,3000,12.2509
2023,2,FALSE,5000,12.2997
2023,3,FALSE,50,5.8937
2023,3,FALSE,70,7.5352
2023,3,FALSE,100,9.163
2023,3,FALSE,200,11.4348
2023,3,FALSE,300,11.7442
2023,3,FALSE,400,12.0538
2023,3,FALSE,500,12.6163
2023,3,FALSE,600,12.6082
2023,3,FALSE,700,12.6095
2023,3,FALSE,800,12.6171
2023,3,FALSE,900,12.6227
2023,3,FALSE,1000,12.6272
2023,3,FALSE,1500,12.6741
2023,3,FALSE,3000,12.7962
2023,3,FALSE,5000,12.845
2023,4,FALSE,50,5.8157
2023,4,FALSE,70,7.4403
2023,4,FALSE,100,9.0516
2023,4,FALSE,200,11.3168
2023,4,FALSE,300,11.626
2023,4,FALSE,400,11.9357
2023,4,FALSE,500,12.4982
2023,4,FALSE,600,12.4901
2023,4,FALSE,700,12.4914
2023,4,FALSE,800,12.499
2023,4,FALSE,900,12.5046
2023,4,FALSE,1000,12.5091
2023,4,FALSE,1500,12.556
2023,4,FALSE,3000,12.6781
2023,4,FALSE,5000,12.7268
2023,5,FALSE,50,5.9716
2023,5,FALSE,70,7.616
2023,5,FALSE,100,9.247
2023,5,FALSE,200,11.4929
2023,5,FALSE,300,11.8021
2023,5,FALSE,400,12.1118
2023,5,FALSE,500,12.6743
2023,5,FALSE,600,12.6662
2023,5,FALSE,700,12.6675
2023,5,FALSE,800,12.6751
2023,5,FALSE,900,12.6807
2023,5,FALSE,1000,12.6852
2023,5,FALSE,1500,12.7321
2023,5,FALSE,3000,12.8542
2023,5,FALSE,5000,12.9029
2023,6,TRUE,50,6.2074
2023,6,TRUE,70,7.9155
2023,6,TRUE,100,9.6101
2023,6,FALSE,50,12.2723
2023,6,FALSE,70,12.1346
2023,6,FALSE,100,12.0314
2023,6,FALSE,200,11.9112
2023,6,FALSE,300,12.2206
2023,6,FALSE,400,12.5302
2023,6,FALSE,500,13.0927
2023,6,FALSE,600,13.0846
2023,6,FALSE,700,13.086
2023,6,FALSE,800,13.0936
2023,6,FALSE,900,13.0991
2023,6,FALSE,1000,13.1036
2023,6,FALSE,1500,13.1505
2023,6,FALSE,3000,13.2727
2023,6,FALSE,5000,13.3213
2023,7,TRUE,50,5.8451
2023,7,TRUE,70,7.4452
2023,7,TRUE,100,9.0321
2023,7,FALSE,50,11.5509
2023,7,FALSE,70,11.413
2023,7,FALSE,100,11.3101
2023,7,FALSE,200,11.1899
2023,7,FALSE,300,11.4993
2023,7,FALSE,400,11.8089
2023,7,FALSE,500,12.3714
2023,7,FALSE,600,12.3633
2023,7,FALSE,700,12.3647
2023,7,FALSE,800,12.3722
2023,7,FALSE,900,12.3778
2023,7,FALSE,1000,12.3823
2023,7,FALSE,1500,12.4292
2023,7,FALSE,3000,12.5514
2023,7,FALSE,5000,12.6001
2023,8,TRUE,50,5.7045
2023,8,TRUE,70,7.2611
2023,8,TRUE,100,8.8037
2023,8,FALSE,50,11.26
2023,8,FALSE,70,11.1226
2023,8,FALSE,100,11.0194
2023,8,FALSE,200,10.8991
2023,8,FALSE,300,11.2085
2023,8,FALSE,400,11.5181
2023,8,FALSE,500,12.0806
2023,8,FALSE,600,12.0726
2023,8,FALSE,700,12.0739
2023,8,FALSE,800,12.0814
2023,8,FALSE,900,12.087
2023,8,FALSE,1000,12.0915
2023,8,FALSE,1500,12.1385
2023,8,FALSE,3000,12.2605
2023,8,FALSE,5000,12.3093
2023,9,TRUE,50,5.9304
2023,9,TRUE,70,7.5679
2023,9,TRUE,100,9.1916
2023,9,FALSE,50,11.7608
2023,9,FALSE,70,11.6231
2023,9,FALSE,100,11.5199
2023,9,FALSE,200,11.3997
2023,9,FALSE,300,11.7091
2023,9,FALSE,400,12.0188
2023,9,FALSE,500,12.5811
2023,9,FALSE,600,12.5731
2023,9,FALSE,700,12.5745
2023,9,FALSE,800,12.582
2023,9,FALSE,900,12.5875
2023,9,FALSE,1000,12.5921
2023,9,FALSE,1500,12.639
2023,9,FALSE,3000,12.7611
2023,9,FALSE,5000,12.8099
2023,10,TRUE,50,6.1612
2023,10,TRUE,70,7.8558
2023,10,TRUE,100,9.5365
2023,10,FALSE,50,12.181
2023,10,FALSE,70,12.0432
2023,10,FALSE,100,11.9401
2023,10,FALSE,200,11.8198
2023,10,FALSE,300,12.1293
2023,10,FALSE,400,12.4388
2023,10,FALSE,500,13.0013
2023,10,FALSE,600,12.9932
2023,10,FALSE,700,12.9946
2023,10,FALSE,800,13.0022
2023,10,FALSE,900,13.0077
2023,10,FALSE,1000,13.0122
2023,10,FALSE,1500,13.0592
2023,10,FALSE,3000,13.1813
2023,10,FALSE,5000,13.23
2023,11,TRUE,50,6.2785
2023,11,TRUE,70,8.0061
2023,11,TRUE,100,9.7195
2023,11,FALSE,50,12.4156
2023,11,FALSE,70,12.278
2023,11,FALSE,100,12.1748
2023,11,FALSE,200,12.0545
2023,11,FALSE,300,12.3639
2023,11,FALSE,400,12.6736
2023,11,FALSE,500,13.236
2023,11,FALSE,600,13.2279
2023,11,FALSE,700,13.2293
2023,11,FALSE,800,13.2368
2023,11,FALSE,900,13.2424
2023,11,FALSE,1000,13.2469
2023,11,FALSE,1500,13.2938
2023,11,FALSE,3000,13.416
2023,11,FALSE,5000,13.4646
2023,12,TRUE,50,5.8795
2023,12,TRUE,70,7.487
2023,12,TRUE,100,9.0803
2023,12,FALSE,50,11.6197
2023,12,FALSE,70,11.482
2023,12,FALSE,100,11.3787
2023,12,FALSE,200,11.2584
2023,12,FALSE,300,11.5678
2023,12,FALSE,400,11.8775
2023,12,FALSE,500,12.44
2023,12,FALSE,600,12.4319
2023,12,FALSE,700,12.4332
2023,12,FALSE,800,12.4407
2023,12,FALSE,900,12.4464
2023,12,FALSE,1000,12.4509
2023,12,FALSE,1500,12.4978
2023,12,FALSE,3000,12.6199
2023,12,FALSE,5000,12.6686
2024,1,TRUE,50,5.9161
2024,1,TRUE,70,7.537
2024,1,TRUE,100,9.144
2024,1,FALSE,50,11.7022
2024,1,FALSE,70,11.5654
2024,1,FALSE,100,11.4627
2024,1,FALSE,200,11.343
2024,1,FALSE,300,11.6509
2024,1,FALSE,400,11.9591
2024,1,FALSE,500,12.5187
2024,1,FALSE,600,12.5107
2024,1,FALSE,700,12.512
2024,1,FALSE,800,12.5196
2024,1,FALSE,900,12.5252
2024,1,FALSE,1000,12.5298
2024,1,FALSE,1500,12.5767
2024,1,FALSE,3000,12.6988
2024,1,FALSE,5000,12.7476
2024,2,TRUE,50,6.2625
2024,2,TRUE,70,7.9775
2024,2,TRUE,100,9.6783
2024,2,FALSE,50,12.2777
2024,2,FALSE,70,12.1403
2024,2,FALSE,100,12.037
2024,2,FALSE,200,11.9168
2024,2,FALSE,300,12.2261
2024,2,FALSE,400,12.5358
2024,2,FALSE,500,13.0983
2024,2,FALSE,600,13.0902
2024,2,FALSE,700,13.0915
2024,2,FALSE,800,13.099
2024,2,FALSE,900,13.1047
2024,2,FALSE,1000,13.1092
2024,2,FALSE,1500,13.1561
2024,2,FALSE,3000,13.2782
2024,2,FALSE,5000,13.3269
2024,3,TRUE,50,6.2637
2024,3,TRUE,70,7.985
2024,3,TRUE,100,9.6926
2024,3,FALSE,50,12.3007
2024,3,FALSE,70,12.163
2024,3,FALSE,100,12.0599
2024,3,FALSE,200,11.9397
2024,3,FALSE,300,12.2491
2024,3,FALSE,400,12.5588
2024,3,FALSE,500,13.1213
2024,3,FALSE,600,13.1132
2024,3,FALSE,700,13.1145
2024,3,FALSE,800,13.122
2024,3,FALSE,900,13.1277
2024,3,FALSE,1000,13.1322
2024,3,FALSE,1500,13.1791
2024,3,FALSE,3000,13.3012
2024,3,FALSE,5000,13.3499
2024,4,TRUE,50,5.7757
2024,4,TRUE,70,7.3471
2024,4,TRUE,100,8.9047
2024,4,FALSE,50,11.313
2024,4,FALSE,70,11.1753
2024,4,FALSE,100,11.072
2024,4,FALSE,200,10.9518
2024,4,FALSE,300,11.2612
2024,4,FALSE,400,11.5709
2024,4,FALSE,500,12.1334
2024,4,FALSE,600,12.1252
2024,4,FALSE,700,12.1266
2024,4,FALSE,800,12.1342
2024,4,FALSE,900,12.1398
2024,4,FALSE,1000,12.1443
2024,4,FALSE,1500,12.1911
2024,4,FALSE,3000,12.3133
2024,4,FALSE,5000,12.362
2024,5,TRUE,50,6.0083
2024,5,TRUE,70,7.6486
2024,5,TRUE,100,9.2752
2024,5,FALSE,50,11.7752
2024,5,FALSE,70,11.6373
2024,5,FALSE,100,11.5341
2024,5,FALSE,200,11.4139
2024,5,FALSE,300,11.7232
2024,5,FALSE,400,12.0329
2024,5,FALSE,500,12.5954
2024,5,FALSE,600,12.5873
2024,5,FALSE,700,12.5886
2024,5,FALSE,800,12.5962
2024,5,FALSE,900,12.6018
2024,5,FALSE,1000,12.6063
2024,5,FALSE,1500,12.6533
2024,5,FALSE,3000,12.7753
2024,5,FALSE,5000,12.8241
2024,6,TRUE,50,5.0713
2024,6,TRUE,70,6.4043
2024,6,TRUE,100,7.7233
2024,6,FALSE,50,9.8127
2024,6,FALSE,70,9.6752
2024,6,FALSE,100,9.5719
2024,6,FALSE,200,9.4516
2024,6,FALSE,300,9.7611
2024,6,FALSE,400,10.0708
2024,6,FALSE,500,10.6332
2024,6,FALSE,600,10.6252
2024,6,FALSE,700,10.6264
2024,6,FALSE,800,10.634
2024,6,FALSE,900,10.6396
2024,6,FALSE,1000,10.6441
2024,6,FALSE,1500,10.691
2024,6,FALSE,3000,10.8131
2024,6,FALSE,5000,10.8619
2024,7,TRUE,50,6.1212
2024,7,TRUE,70,7.7909
2024,7,TRUE,100,9.4466
2024,7,FALSE,50,11.9625
2024,7,FALSE,70,11.8248
2024,7,FALSE,100,11.7216
2024,7,FALSE,200,11.6012
2024,7,FALSE,300,11.9106
2024,7,FALSE,400,12.2204
2024,7,FALSE,500,12.7828
2024,7,FALSE,600,12.7746
2024,7,FALSE,700,12.776
2024,7,FALSE,800,12.7836
2024,7,FALSE,900,12.7892
2024,7,FALSE,1000,12.7937
2024,7,FALSE,1500,12.8405
2024,7,FALSE,3000,12.9627
2024,7,FALSE,5000,13.0114
2024,8,TRUE,50,6.1227
2024,8,TRUE,70,7.8019
2024,8,TRUE,100,9.467
2024,8,FALSE,50,11.9947
2024,8,FALSE,70,11.8574
2024,8,FALSE,100,11.7542
2024,8,FALSE,200,11.6339
2024,8,FALSE,300,11.9434
2024,8,FALSE,400,12.2529
2024,8,FALSE,500,12.8154
2024,8,FALSE,600,12.8073
2024,8,FALSE,700,12.8087
2024,8,FALSE,800,12.8163
2024,8,FALSE,900,12.8218
2024,8,FALSE,1000,12.8263
2024,8,FALSE,1500,12.8733
2024,8,FALSE,3000,12.9953
2024,8,FALSE,5000,13.0441
2024,9,TRUE,50,6.1904
2024,9,TRUE,70,7.8954
2024,9,TRUE,100,9.5866
2024,9,FALSE,50,12.1494
2024,9,FALSE,70,12.0118
2024,9,FALSE,100,11.9085
2024,9,FALSE,200,11.7882
2024,9,FALSE,300,12.0976
2024,9,FALSE,400,12.4073
2024,9,FALSE,500,12.9698
2024,9,FALSE,600,12.9617
2024,9,FALSE,700,12.963
2024,9,FALSE,800,12.9705
2024,9,FALSE,900,12.9762
2024,9,FALSE,1000,12.9807
2024,9,FALSE,1500,13.0276
2024,9,FALSE,3000,13.1497
2024,9,FALSE,5000,13.1984
2024,10,TRUE,50,6.019
2024,10,TRUE,70,7.6608
2024,10,TRUE,100,9.2889
2024,10,FALSE,50,11.7904
2024,10,FALSE,70,11.6529
2024,10,FALSE,100,11.5498
2024,10,FALSE,200,11.4295
2024,10,FALSE,300,11.7389
2024,10,FALSE,400,12.0485
2024,10,FALSE,500,12.611
2024,10,FALSE,600,12.6029
2024,10,FALSE,700,12.6043
2024,10,FALSE,800,12.6118
2024,10,FALSE,900,12.6174
2024,10,FALSE,1000,12.6219
2024,10,FALSE,1500,12.6688
2024,10,FALSE,3000,12.791
2024,10,FALSE,5000,12.8396
2024,11,TRUE,50,6.2267
2024,11,TRUE,70,7.9345
2024,11,TRUE,100,9.6286
2024,11,FALSE,50,12.2176
2024,11,FALSE,70,12.0802
2024,11,FALSE,100,11.9771
2024,11,FALSE,200,11.8569
2024,11,FALSE,300,12.166
2024,11,FALSE,400,12.4755
2024,11,FALSE,500,13.0377
2024,11,FALSE,600,13.0297
2024,11,FALSE,700,13.031
2024,11,FALSE,800,13.0385
2024,11,FALSE,900,13.0441
2024,11,FALSE,1000,13.0486
2024,11,FALSE,1500,13.0956
2024,11,FALSE,3000,13.2176
2024,11,FALSE,5000,13.2664
2024,12,TRUE,50,6.2732
2024,12,TRUE,70,7.9984
2024,12,TRUE,100,9.7099
2024,12,FALSE,50,12.3225
2024,12,FALSE,70,12.185
2024,12,FALSE,100,12.0819
2024,12,FALSE,200,11.9617
2024,12,FALSE,300,12.271
2024,12,FALSE,400,12.5804
2024,12,FALSE,500,13.1425
2024,12,FALSE,600,13.1345
2024,12,FALSE,700,13.1359
2024,12,FALSE,800,13.1434
2024,12,FALSE,900,13.149
2024,12,FALSE,1000,13.1535
2024,12,FALSE,1500,13.2004
2024,12,FALSE,3000,13.3226
2024,12,FALSE,5000,13.3712