Year,Date,Product,Overall Range Min,Overall Range Max,Common Price
2025,2025-03-11,Gasoline (RON97/100),52.45,74.1,71.95
2025,2025-03-11,Gasoline (RON95),51.0,76.77,54.6
2025,2025-03-11,Gasoline (RON91),50.0,66.9,55.4
2025,2025-03-11,Diesel,50.0,63.8,53.7
2025,2025-03-11,Diesel Plus,54.8,73.34,58.4
2025,2025-03-11,Kerosene,69.64,83.69,70.67
2025,2025-03-04,Gasoline (RON97/100),54.15,75.8,73.65
2025,2025-03-04,Gasoline (RON95),52.9,78.47,68.86
2025,2025-03-04,Gasoline (RON91),52.0,68.6,58.65
2025,2025-03-04,Diesel,50.0,64.7,54.6
2025,2025-03-04,Diesel Plus,56.1,74.24,59.3
2025,2025-03-04,Kerosene,71.44,83.69,72.47
2025,2025-02-25,Gasoline (RON97/100),55.45,76.7,70.99
2025,2025-02-25,Gasoline (RON95),53.0,79.37,61.35
2025,2025-02-25,Gasoline (RON91),52.0,69.5,59.55
2025,2025-02-25,Diesel,50.0,65.5,57.05
2025,2025-02-25,Diesel Plus,57.5,75.04,60.9
2025,2025-02-25,Kerosene,72.5,84.9,73.87
2025,2025-02-18,Gasoline (RON97/100),55.05,76.0,70.29
2025,2025-02-18,Gasoline (RON95),53.0,78.67,71.2
2025,2025-02-18,Gasoline (RON91),52.0,69.05,60.2
2025,2025-02-18,Diesel,50.0,65.1,56.65
2025,2025-02-18,Diesel Plus,57.6,74.64,68.1
2025,2025-02-18,Kerosene,72.64,84.2,73.67
2025,2025-02-11,Gasoline (RON97/100),55.05,76.2,70.87
2025,2025-02-11,Gasoline (RON95),53.0,77.87,70.7
2025,2025-02-11,Gasoline (RON91),52.0,68.25,59.45
2025,2025-02-11,Diesel,50.0,64.25,56.7
2025,2025-02-11,Diesel Plus,57.6,74.6,59.7
2025,2025-02-11,Kerosene,72.54,84.7,75.16
2025,2025-02-04,Gasoline (RON97/100),54.65,76.3,70.97
2025,2025-02-04,Gasoline (RON95),53.0,77.97,70.8
2025,2025-02-04,Gasoline (RON91),52.0,68.35,59.55
2025,2025-02-04,Diesel,51.0,64.35,61.4
2025,2025-02-04,Diesel Plus,57.6,74.7,59.8
2025,2025-02-04,Kerosene,72.84,84.1,73.87
2025,2025-01-28,Gasoline (RON97/100),55.45,75.6,72.43
2025,2025-01-28,Gasoline (RON95),53.25,77.27,70.1
2025,2025-01-28,Gasoline (RON91),52.55,67.65,60.95
2025,2025-01-28,Diesel,52.0,65.5,58.95
2025,2025-01-28,Diesel Plus,58.6,75.85,72.1
2025,2025-01-28,Kerosene,73.74,85.0,74.77
2025,2025-01-21,Gasoline (RON97/100),55.45,76.4,73.23
2025,2025-01-21,Gasoline (RON95),53.95,78.07,70.9
2025,2025-01-21,Gasoline (RON91),52.95,68.46,63.55
2025,2025-01-21,Diesel,51.7,65.7,60.45
2025,2025-01-21,Diesel Plus,58.95,76.05,72.3
2025,2025-01-21,Kerosene,71.74,85.5,75.27
2025,2025-01-14,Gasoline (RON97/100),54.55,75.8,69.2
2025,2025-01-14,Gasoline (RON95),53.0,76.42,69.25
2025,2025-01-14,Gasoline (RON91),52.0,69.1,61.9
2025,2025-01-14,Diesel,49.0,66.75,57.75
2025,2025-01-14,Diesel Plus,56.45,73.6,70.29
2025,2025-01-14,Kerosene,71.04,83.0,72.84
2025,2025-01-07,Gasoline (RON97/100),54.55,75.54,68.33
2025,2025-01-07,Gasoline (RON95),52.25,75.62,58.5
2025,2025-01-07,Gasoline (RON91),51.65,68.3,58.0
2025,2025-01-07,Diesel,49.0,65.85,56.85
2025,2025-01-07,Diesel Plus,55.0,72.7,69.39
2025,2025-01-07,Kerosene,70.91,82.2,71.95
2024,2024-12-31,Gasoline (RON97/100),53.55,74.54,69.78
2024,2024-12-31,Gasoline (RON95),51.45,74.62,58.3
2024,2024-12-31,Gasoline (RON91),50.85,68.49,57.0
2024,2024-12-31,Diesel,48.77,66.94,55.05
2024,2024-12-31,Diesel Plus,55.0,71.3,67.99
2024,2024-12-31,Kerosene,69.94,81.2,70.95
2024,2024-12-24,Gasoline (RON97/100),53.85,75.0,67.63
2024,2024-12-24,Gasoline (RON95),51.75,74.92,58.6
2024,2024-12-24,Gasoline (RON91),51.15,69.75,57.3
2024,2024-12-24,Diesel,49.0,67.24,55.35
2024,2024-12-24,Diesel Plus,54.5,71.9,68.29
2024,2024-12-24,Kerosene,70.29,81.69,71.85
2024,2024-12-17,Gasoline (RON97/100),53.85,74.5,69.58
2024,2024-12-17,Gasoline (RON95),51.35,74.42,59.6
2024,2024-12-17,Gasoline (RON91),50.75,69.25,57.6
2024,2024-12-17,Diesel,49.0,65.79,53.9
2024,2024-12-17,Diesel Plus,51.07,70.0,66.84
2024,2024-12-17,Kerosene,61.98,80.94,71.12
2024,2024-12-10,Gasoline (RON97/100),52.65,73.76,66.33
2024,2024-12-10,Gasoline (RON95),50.55,73.62,53.45
2024,2024-12-10,Gasoline (RON91),49.75,68.45,56.0
2024,2024-12-10,Diesel,48.2,64.99,53.5
2024,2024-12-10,Diesel Plus,54.3,69.35,54.3
2024,2024-12-10,Kerosene,69.99,80.84,71.02
2024,2024-12-03,Gasoline (RON97/100),52.4,75.25,65.93
2024,2024-12-03,Gasoline (RON95),50.55,73.22,61.65
2024,2024-12-03,Gasoline (RON91),49.75,68.05,55.6
2024,2024-12-03,Diesel,48.25,65.49,51.8
2024,2024-12-03,Diesel Plus,54.8,71.4,54.8
2024,2024-12-03,Kerosene,70.74,81.59,71.74
2024,2024-11-26,Gasoline (RON97/100),52.4,74.35,57.9
2024,2024-11-26,Gasoline (RON95),50.55,72.32,60.75
2024,2024-11-26,Gasoline (RON91),49.75,67.15,59.25
2024,2024-11-26,Diesel,48.97,65.69,54.5
2024,2024-11-26,Diesel Plus,54.5,72.05,58.1
2024,2024-11-26,Kerosene,71.14,81.99,72.15
2024,2024-11-19,Gasoline (RON97/100),52.1,73.2,64.78
2024,2024-11-19,Gasoline (RON95),50.25,72.89,60.8
2024,2024-11-19,Gasoline (RON91),49.45,66.0,58.75
2024,2024-11-19,Diesel,47.9,64.59,56.0
2024,2024-11-19,Diesel Plus,54.5,70.95,67.05
2024,2024-11-19,Kerosene,70.34,81.19,71.35
2024,2024-11-12,Gasoline (RON97/100),53.2,74.05,65.63
2024,2024-11-12,Gasoline (RON95),51.7,73.74,58.9
2024,2024-11-12,Gasoline (RON91),50.6,66.85,60.15
2024,2024-11-12,Diesel,48.75,65.34,57.25
2024,2024-11-12,Diesel Plus,55.25,71.7,65.7
2024,2024-11-12,Kerosene,71.24,82.09,72.25
2024,2024-11-05,Gasoline (RON97/100),51.7,72.55,68.5
2024,2024-11-05,Gasoline (RON95),50.7,72.24,58.25
2024,2024-11-05,Gasoline (RON91),49.6,65.35,59.55
2024,2024-11-05,Diesel,46.9,63.24,55.15
2024,2024-11-05,Diesel Plus,53.15,69.6,66.54
2024,2024-11-05,Kerosene,70.04,80.89,72.51
2024,2024-10-29,Gasoline (RON97/100),51.8,72.65,64.23
2024,2024-10-29,Gasoline (RON95),50.7,72.34,58.35
2024,2024-10-29,Gasoline (RON91),49.6,65.84,55.85
2024,2024-10-29,Diesel,46.9,62.49,53.9
2024,2024-10-29,Diesel Plus,52.4,68.85,52.4
2024,2024-10-29,Kerosene,69.54,80.39,72.16
2024,2024-10-22,Gasoline (RON97/100),51.8,87.02,65.71
2024,2024-10-22,Gasoline (RON95),50.7,72.14,58.15
2024,2024-10-22,Gasoline (RON91),49.6,66.95,52.0
2024,2024-10-22,Diesel,46.9,62.1,51.6
2024,2024-10-22,Diesel Plus,53.6,69.49,54.6
2024,2024-10-22,Kerosene,69.04,79.89,71.66
2024,2024-10-15,Gasoline (RON97/100),54.5,87.52,68.91
2024,2024-10-15,Gasoline (RON95),51.7,72.85,59.4
2024,2024-10-15,Gasoline (RON91),50.6,68.35,63.7
2024,2024-10-15,Diesel,47.75,63.7,54.1
2024,2024-10-15,Diesel Plus,55.4,72.65,67.29
2024,2024-10-15,Kerosene,69.89,80.74,72.51
2024,2024-10-08,Gasoline (RON97/100),51.85,84.87,66.26
2024,2024-10-08,Gasoline (RON95),50.2,70.2,58.15
2024,2024-10-08,Gasoline (RON91),49.1,65.7,55.1
2024,2024-10-08,Diesel,46.4,61.0,50.5
2024,2024-10-08,Diesel Plus,52.2,69.95,65.85
2024,2024-10-08,Kerosene,67.29,78.14,68.3
2024,2024-10-01,Gasoline (RON97/100),51.4,84.87,69.5
2024,2024-10-01,Gasoline (RON95),50.3,71.03,58.15
2024,2024-10-01,Gasoline (RON91),49.15,65.7,55.1
2024,2024-10-01,Diesel,45.4,59.8,50.35
2024,2024-10-01,Diesel Plus,51.3,70.2,61.5
2024,2024-10-01,Kerosene,66.59,77.65,67.6
2024,2024-09-24,Gasoline (RON97/100),51.4,84.42,66.7
2024,2024-09-24,Gasoline (RON95),50.3,72.55,57.7
2024,2024-09-24,Gasoline (RON91),49.15,66.75,56.7
2024,2024-09-24,Diesel,45.44,58.9,54.7
2024,2024-09-24,Diesel Plus,51.05,69.3,60.6
2024,2024-09-24,Kerosene,66.29,77.65,67.3
2024,2024-09-17,Gasoline (RON97/100),51.8,83.32,65.6
2024,2024-09-17,Gasoline (RON95),50.3,71.45,56.6
2024,2024-09-17,Gasoline (RON91),49.15,65.65,55.6
2024,2024-09-17,Diesel,45.44,60.2,49.3
2024,2024-09-17,Diesel Plus,50.85,69.1,60.4
2024,2024-09-17,Kerosene,66.29,77.65,67.3
2024,2024-09-10,Gasoline (RON97/100),52.9,84.32,68.54
2024,2024-09-10,Gasoline (RON95),51.0,72.45,57.35
2024,2024-09-10,Gasoline (RON91),50.0,66.65,58.6
2024,2024-09-10,Diesel,46.74,61.5,53.5
2024,2024-09-10,Diesel Plus,53.1,70.4,64.15
2024,2024-09-10,Kerosene,68.27,78.79,68.94
2024,2024-09-03,Gasoline (RON97/100),54.2,85.87,70.09
2024,2024-09-03,Gasoline (RON95),52.8,74.0,61.75
2024,2024-09-03,Gasoline (RON91),51.8,68.2,60.3
2024,2024-09-03,Diesel,48.0,62.8,54.1
2024,2024-09-03,Diesel Plus,54.4,71.7,64.55
2024,2024-09-03,Kerosene,69.34,83.7,70.36
2024,2024-08-27,Gasoline (RON97/100),54.2,85.37,69.59
2024,2024-08-27,Gasoline (RON95),52.8,73.5,61.25
2024,2024-08-27,Gasoline (RON91),51.8,69.0,59.9
2024,2024-08-27,Diesel,48.0,62.5,53.5
2024,2024-08-27,Diesel Plus,54.1,71.4,66.45
2024,2024-08-27,Kerosene,68.64,83.7,69.66
2024,2024-08-20,Gasoline (RON97/100),55.7,86.52,69.17
2024,2024-08-20,Gasoline (RON95),53.7,74.65,66.4
2024,2024-08-20,Gasoline (RON91),52.7,70.15,64.35
2024,2024-08-20,Diesel,49.8,64.4,55.4
2024,2024-08-20,Diesel Plus,56.0,73.44,69.4
2024,2024-08-20,Kerosene,70.49,83.7,71.51
2024,2024-08-13,Gasoline (RON97/100),56.1,85.52,72.75
2024,2024-08-13,Gasoline (RON95),53.0,73.79,65.4
2024,2024-08-13,Gasoline (RON91),52.0,69.15,63.35
2024,2024-08-13,Diesel,49.0,63.2,54.5
2024,2024-08-13,Diesel Plus,54.55,72.24,68.2
2024,2024-08-13,Kerosene,69.49,80.85,70.51
2024,2024-08-06,Gasoline (RON97/100),56.4,87.97,64.0
2024,2024-08-06,Gasoline (RON95),55.0,76.24,61.25
2024,2024-08-06,Gasoline (RON91),54.0,71.6,63.1
2024,2024-08-06,Diesel,51.0,65.1,59.75
2024,2024-08-06,Diesel Plus,56.7,74.1,70.1
2024,2024-08-06,Kerosene,71.89,83.25,72.9
2024,2024-07-30,Gasoline (RON97/100),56.6,88.07,71.58
2024,2024-07-30,Gasoline (RON95),55.0,83.05,61.35
2024,2024-07-30,Gasoline (RON91),54.0,77.4,62.95
2024,2024-07-30,Diesel,51.0,69.35,56.6
2024,2024-07-30,Diesel Plus,56.9,76.15,70.3
2024,2024-07-30,Kerosene,72.34,83.7,73.36
2024,2024-07-23,Gasoline (RON97/100),57.7,88.82,72.33
2024,2024-07-23,Gasoline (RON95),56.0,83.8,62.1
2024,2024-07-23,Gasoline (RON91),55.0,78.15,63.7
2024,2024-07-23,Diesel,52.0,70.2,60.0
2024,2024-07-23,Diesel Plus,58.3,77.0,70.95
2024,2024-07-23,Kerosene,73.14,83.14,74.16
2024,2024-07-16,Gasoline (RON97/100),57.5,88.72,72.94
2024,2024-07-16,Gasoline (RON95),56.0,83.7,69.35
2024,2024-07-16,Gasoline (RON91),55.0,78.05,63.6
2024,2024-07-16,Diesel,52.0,70.6,60.4
2024,2024-07-16,Diesel Plus,58.3,77.4,71.35
2024,2024-07-16,Kerosene,73.84,83.84,74.86
2024,2024-07-09,Gasoline (RON97/100),57.7,89.32,75.5
2024,2024-07-09,Gasoline (RON95),56.0,84.3,69.95
2024,2024-07-09,Gasoline (RON91),55.0,78.65,65.2
2024,2024-07-09,Diesel,53.0,71.55,61.5
2024,2024-07-09,Diesel Plus,58.79,83.0,64.5
2024,2024-07-09,Kerosene,74.8,84.99,76.01
2024,2024-07-02,Gasoline (RON97/100),56.25,87.72,73.9
2024,2024-07-02,Gasoline (RON95),55.0,82.7,68.35
2024,2024-07-02,Gasoline (RON91),54.0,77.05,64.5
2024,2024-07-02,Diesel,52.0,70.9,58.15
2024,2024-07-02,Diesel Plus,59.2,82.35,71.65
2024,2024-07-02,Kerosene,73.38,84.39,75.41
2024,2024-06-25,Gasoline (RON97/100),57.65,86.77,70.23
2024,2024-06-25,Gasoline (RON95),55.0,81.75,62.55
2024,2024-06-25,Gasoline (RON91),54.0,76.1,61.85
2024,2024-06-25,Diesel,52.0,70.25,60.55
2024,2024-06-25,Diesel Plus,59.6,81.7,71.25
2024,2024-06-25,Kerosene,74.04,84.04,75.06
2024,2024-06-18,Gasoline (RON97/100),56.25,85.37,72.48
2024,2024-06-18,Gasoline (RON95),54.3,80.35,61.15
2024,2024-06-18,Gasoline (RON91),53.6,74.7,61.85
2024,2024-06-18,Diesel,50.9,68.5,60.3
2024,2024-06-18,Diesel Plus,58.75,79.95,69.5
2024,2024-06-18,Kerosene,72.99,82.99,74.01
2024,2024-06-11,Gasoline (RON97/100),55.4,84.52,71.63
2024,2024-06-11,Gasoline (RON95),54.4,79.5,69.1
2024,2024-06-11,Gasoline (RON91),53.9,73.85,60.0
2024,2024-06-11,Diesel,50.94,66.75,56.7
2024,2024-06-11,Diesel Plus,57.0,78.2,67.75
2024,2024-06-11,Kerosene,71.09,81.09,72.11
2024,2024-06-04,Gasoline (RON97/100),56.0,85.12,72.23
2024,2024-06-04,Gasoline (RON95),55.0,80.1,69.7
2024,2024-06-04,Gasoline (RON91),54.0,74.45,63.0
2024,2024-06-04,Diesel,52.0,67.95,57.9
2024,2024-06-04,Diesel Plus,58.55,81.25,68.95
2024,2024-06-04,Kerosene,71.9,84.4,73.41
2024,2024-05-28,Gasoline (RON97/100),56.8,86.02,73.13
2024,2024-05-28,Gasoline (RON95),56.3,81.0,67.2
2024,2024-05-28,Gasoline (RON91),55.8,75.35,61.5
2024,2024-05-28,Diesel,52.14,67.35,59.45
2024,2024-05-28,Diesel Plus,58.25,80.65,68.35
2024,2024-05-28,Kerosene,71.59,83.6,72.61
2024,2024-05-21,Gasoline (RON97/100),56.4,85.62,72.73
2024,2024-05-21,Gasoline (RON95),55.9,80.6,66.8
2024,2024-05-21,Gasoline (RON91),54.9,76.45,63.0
2024,2024-05-21,Diesel,51.2,66.95,59.05
2024,2024-05-21,Diesel Plus,57.75,80.25,67.95
2024,2024-05-21,Kerosene,71.26,83.31,72.3
2024,2024-05-14,Gasoline (RON97/100),56.5,85.72,72.83
2024,2024-05-14,Gasoline (RON95),56.0,80.7,66.9
2024,2024-05-14,Gasoline (RON91),55.5,76.55,62.3
2024,2024-05-14,Diesel,51.49,66.7,58.8
2024,2024-05-14,Diesel Plus,57.5,80.0,59.75
2024,2024-05-14,Kerosene,70.96,83.01,72.0
2024,2024-05-07,Gasoline (RON97/100),60.65,87.72,79.35
2024,2024-05-07,Gasoline (RON95),58.0,82.7,66.8
2024,2024-05-07,Gasoline (RON91),57.0,77.05,65.1
2024,2024-05-07,Diesel,51.99,67.2,61.05
2024,2024-05-07,Diesel Plus,58.3,80.51,70.38
2024,2024-05-07,Kerosene,71.24,83.01,72.86
2024,2024-04-30,Gasoline (RON97/100),61.55,88.47,80.1
2024,2024-04-30,Gasoline (RON95),59.0,83.45,72.7
2024,2024-04-30,Gasoline (RON91),58.0,77.8,66.3
2024,2024-04-30,Diesel,52.9,68.1,61.95
2024,2024-04-30,Diesel Plus,59.7,81.4,71.28
2024,2024-04-30,Kerosene,72.29,84.06,73.91
2024,2024-04-23,Gasoline (RON97/100),61.8,88.72,75.8
2024,2024-04-23,Gasoline (RON95),59.0,83.7,74.5
2024,2024-04-23,Gasoline (RON91),58.0,78.05,62.7
2024,2024-04-23,Diesel,53.35,68.55,60.0
2024,2024-04-23,Diesel Plus,60.7,81.85,69.55
2024,2024-04-23,Kerosene,73.19,84.96,74.81
2024,2024-04-16,Gasoline (RON97/100),61.25,87.77,79.8
2024,2024-04-16,Gasoline (RON95),59.0,83.15,73.95
2024,2024-04-16,Gasoline (RON91),58.0,77.5,69.0
2024,2024-04-16,Diesel,54.3,69.5,62.05
2024,2024-04-16,Diesel Plus,60.7,82.8,70.5
2024,2024-04-16,Kerosene,74.29,86.04,75.91
2024,2024-04-09,Gasoline (RON97/100),62.25,87.77,74.85
2024,2024-04-09,Gasoline (RON95),58.65,82.76,65.65
2024,2024-04-09,Gasoline (RON91),57.85,77.1,65.65
2024,2024-04-09,Diesel,53.52,68.55,61.1
2024,2024-04-09,Diesel Plus,59.15,81.85,69.55
2024,2024-04-09,Kerosene,73.44,85.19,75.06
2024,2024-04-02,Gasoline (RON97/100),61.15,86.67,74.3
2024,2024-04-02,Gasoline (RON95),57.9,81.65,66.96
2024,2024-04-02,Gasoline (RON91),57.4,76.0,66.0
2024,2024-04-02,Diesel,53.15,67.0,58.9
2024,2024-04-02,Diesel Plus,59.15,73.8,63.83
2024,2024-04-02,Kerosene,72.04,83.79,
2024,2024-03-26,Gasoline (RON97/100),60.7,80.45,
2024,2024-03-26,Gasoline (RON95),57.7,81.2,65.84
2024,2024-03-26,Gasoline (RON91),57.55,75.55,65.28
2024,2024-03-26,Diesel,53.8,67.6,60.12
2024,2024-03-26,Diesel Plus,59.75,74.4,63.15
2024,2024-03-26,Kerosene,73.09,84.48,
2024,2024-03-19,Gasoline (RON97/100),58.5,80.23,74.32
2024,2024-03-19,Gasoline (RON95),55.65,79.0,67.36
2024,2024-03-19,Gasoline (RON91),55.4,73.35,63.66
2024,2024-03-19,Diesel,52.65,66.2,59.18
2024,2024-03-19,Diesel Plus,58.35,82.86,63.45
2024,2024-03-19,Kerosene,71.79,83.18,
2024,2024-03-12,Gasoline (RON97/100),58.4,81.05,74.66
2024,2024-03-12,Gasoline (RON95),55.7,79.05,70.4
2024,2024-03-12,Gasoline (RON91),55.4,73.25,64.08
2024,2024-03-12,Diesel,52.75,66.3,58.87
2024,2024-03-12,Diesel Plus,58.45,82.96,63.45
2024,2024-03-12,Kerosene,71.79,83.18,
2024,2024-03-05,Gasoline (RON97/100),58.9,81.55,75.16
2024,2024-03-05,Gasoline (RON95),56.2,79.55,70.98
2024,2024-03-05,Gasoline (RON91),55.9,73.75,64.07
2024,2024-03-05,Diesel,52.75,66.55,60.91
2024,2024-03-05,Diesel Plus,59.35,83.21,63.78
2024,2024-03-05,Kerosene,72.09,83.43,
2024,2024-02-27,Gasoline (RON97/100),59.1,81.25,75.55
2024,2024-02-27,Gasoline (RON95),56.6,79.25,65.55
2024,2024-02-27,Gasoline (RON91),56.3,73.25,66.65
2024,2024-02-27,Diesel,54.0,66.95,58.3
2024,2024-02-27,Diesel Plus,59.35,83.61,69.04
2024,2024-02-27,Kerosene,72.44,83.83,74.06
2024,2024-02-20,Gasoline (RON97/100),59.8,88.88,76.25
2024,2024-02-20,Gasoline (RON95),55.9,79.95,66.25
2024,2024-02-20,Gasoline (RON91),55.6,73.95,67.35
2024,2024-02-20,Diesel,54.35,67.9,60.8
2024,2024-02-20,Diesel Plus,60.3,84.56,70.85
2024,2024-02-20,Kerosene,73.25,83.88,75.16
2024,2024-02-15,Gasoline (RON97/100),59.05,80.53,71.56
2024,2024-02-15,Gasoline (RON95),55.9,78.35,70.25
2024,2024-02-15,Gasoline (RON91),55.6,72.35,63.05
2024,2024-02-15,Diesel,53.77,67.4,61.0
2024,2024-02-15,Diesel Plus,59.65,83.46,61.15
2024,2024-02-15,Kerosene,72.49,83.84,74.11
2024,2024-02-08,Gasoline (RON97/100),59.65,81.58,72.16
2024,2024-02-08,Gasoline (RON95),56.6,78.95,70.85
2024,2024-02-08,Gasoline (RON91),56.3,72.3,63.65
2024,2024-02-08,Diesel,52.9,67.5,58.95
2024,2024-02-08,Diesel Plus,59.75,83.56,62.95
2024,2024-02-08,Kerosene,72.85,84.28,74.51
2024,2024-02-01,Gasoline (RON97/100),58.9,81.8,75.65
2024,2024-02-01,Gasoline (RON95),56.6,79.8,70.1
2024,2024-02-01,Gasoline (RON91),56.3,71.55,64.35
2024,2024-02-01,Diesel,52.9,66.0,60.0
2024,2024-02-01,Diesel Plus,58.25,82.06,59.75
2024,2024-02-01,Kerosene,72.09,83.48,73.71
2024,2024-01-25,Gasoline (RON97/100),56.1,79.0,69.35
2024,2024-01-25,Gasoline (RON95),54.7,77.85,67.3
2024,2024-01-25,Gasoline (RON91),54.0,76.85,65.4
2024,2024-01-25,Diesel,52.2,68.45,61.95
2024,2024-01-25,Diesel Plus,56.95,80.76,58.45
2024,2024-01-25,Kerosene,71.64,83.03,73.26
2024,2024-01-16,Gasoline (RON97/100),53.3,77.7,71.55
2024,2024-01-16,Gasoline (RON95),52.3,76.55,66.0
2024,2024-01-16,Gasoline (RON91),51.9,75.55,64.1
2024,2024-01-16,Diesel,51.0,67.5,61.0
2024,2024-01-16,Diesel Plus,57.0,79.81,68.15
2024,2024-01-16,Kerosene,71.64,83.03,73.26
2024,2024-01-09,Gasoline (RON97/100),54.8,77.4,71.25
2024,2024-01-09,Gasoline (RON95),53.4,76.25,65.7
2024,2024-01-09,Gasoline (RON91),52.9,75.25,62.5
2024,2024-01-09,Diesel,50.49,66.6,60.1
2024,2024-01-09,Diesel Plus,57.35,78.91,67.25
2024,2024-01-09,Kerosene,70.74,82.03,
2024,2024-01-04,Gasoline (RON97/100),54.8,77.3,71.15
2024,2024-01-04,Gasoline (RON95),53.4,76.15,65.6
2024,2024-01-04,Gasoline (RON91),53.2,75.15,62.5
2024,2024-01-04,Diesel,50.49,66.5,59.2
2024,2024-01-04,Diesel Plus,55.95,78.81,67.15
2024,2024-01-04,Kerosene,70.64,82.03,72.26
2023,2023-12-28,Gasoline (RON97/100),54.8,77.4,67.95
2023,2023-12-28,Gasoline (RON95),53.8,76.25,63.99
2023,2023-12-28,Gasoline (RON91),53.3,75.25,63.53
2023,2023-12-28,Diesel,52.25,66.85,59.57
2023,2023-12-28,Diesel Plus,57.3,75.44,65.15
2023,2023-12-28,Kerosene,71.85,82.1,
2023,2023-12-22,Gasoline (RON97/100),53.6,75.8,66.68
2023,2023-12-22,Gasoline (RON95),52.6,74.65,62.92
2023,2023-12-22,Gasoline (RON91),52.1,73.65,61.76
2023,2023-12-22,Diesel,51.14,65.15,57.67
2023,2023-12-22,Diesel Plus,55.65,73.74,61.95
2023,2023-12-22,Kerosene,70.3,82.1,
2023,2023-12-14,Gasoline (RON97/100),54.4,76.1,70.72
2023,2023-12-14,Gasoline (RON95),53.4,74.65,62.95
2023,2023-12-14,Gasoline (RON91),52.9,73.65,61.74
2023,2023-12-14,Diesel,50.84,65.05,57.58
2023,2023-12-14,Diesel Plus,55.55,77.65,61.88
2023,2023-12-14,Kerosene,70.3,82.95,
2023,2023-12-07,Gasoline (RON97/100),56.3,77.7,72.32
2023,2023-12-07,Gasoline (RON95),55.3,75.65,65.08
2023,2023-12-07,Gasoline (RON91),54.8,74.65,63.94
2023,2023-12-07,Diesel,52.7,66.05,59.76
2023,2023-12-07,Diesel Plus,57.2,79.5,63.39
2023,2023-12-07,Kerosene,71.4,84.4,
2023,2023-11-30,Gasoline (RON97/100),56.3,77.4,71.35
2023,2023-11-30,Gasoline (RON95),55.3,75.35,67.75
2023,2023-11-30,Gasoline (RON91),54.8,74.35,64.25
2023,2023-11-30,Diesel,53.6,66.35,61.95
2023,2023-11-30,Diesel Plus,57.2,79.5,69.85
2023,2023-11-30,Kerosene,71.4,84.8,74.16
2023,2023-11-23,Gasoline (RON97/100),56.8,84.95,76.1
2023,2023-11-23,Gasoline (RON95),55.8,75.35,67.75
2023,2023-11-23,Gasoline (RON91),55.0,74.35,64.25
2023,2023-11-23,Diesel,53.6,66.05,61.65
2023,2023-11-23,Diesel Plus,57.2,79.2,69.55
2023,2023-11-23,Kerosene,71.4,83.95,73.51
2023,2023-11-16,Gasoline (RON97/100),57.1,85.7,71.7
2023,2023-11-16,Gasoline (RON95),56.1,76.1,68.7
2023,2023-11-16,Gasoline (RON91),55.0,75.1,62.9
2023,2023-11-16,Diesel,54.25,66.7,62.3
2023,2023-11-16,Diesel Plus,59.85,79.85,64.4
2023,2023-11-16,Kerosene,72.0,84.6,74.11
2023,2023-11-09,Gasoline (RON97/100),59.75,86.4,72.4
2023,2023-11-09,Gasoline (RON95),57.94,76.8,69.4
2023,2023-11-09,Gasoline (RON91),57.25,75.8,63.6
2023,2023-11-09,Diesel,57.4,69.7,65.3
2023,2023-11-09,Diesel Plus,62.85,82.85,67.4
2023,2023-11-09,Kerosene,74.0,87.14,76.41
2023,2023-11-03,Gasoline (RON97/100),60.7,86.85,73.85
2023,2023-11-03,Gasoline (RON95),58.35,77.25,69.85
2023,2023-11-03,Gasoline (RON91),57.65,76.25,64.05
2023,2023-11-03,Diesel,58.25,70.9,66.4
2023,2023-11-03,Diesel Plus,63.95,83.95,75.85
2023,2023-11-03,Kerosene,75.85,88.19,77.46
2023,2023-10-26,Gasoline (RON97/100),60.7,86.4,73.4
2023,2023-10-26,Gasoline (RON95),58.35,76.8,65.55
2023,2023-10-26,Gasoline (RON91),57.65,75.8,63.6
2023,2023-10-26,Diesel,59.0,72.05,67.65
2023,2023-10-26,Diesel Plus,65.2,85.2,69.75
2023,2023-10-26,Kerosene,76.25,89.39,78.66
2023,2023-10-17,Gasoline (RON97/100),58.7,85.45,72.45
2023,2023-10-17,Gasoline (RON95),57.7,75.85,68.25
2023,2023-10-17,Gasoline (RON91),57.1,74.85,62.65
2023,2023-10-17,Diesel,57.8,70.75,66.35
2023,2023-10-17,Diesel Plus,63.9,83.9,75.8
2023,2023-10-17,Kerosene,59.4,88.14,77.41
2023,2023-10-12,Gasoline (RON97/100),58.7,84.9,71.9
2023,2023-10-12,Gasoline (RON95),57.7,78.5,66.25
2023,2023-10-12,Gasoline (RON91),57.1,74.3,62.1
2023,2023-10-12,Diesel,58.85,71.7,66.4
2023,2023-10-12,Diesel Plus,66.25,84.85,68.5
2023,2023-10-12,Kerosene,76.75,89.09,78.36
2023,2023-10-05,Gasoline (RON97/100),62.95,87.95,74.95
2023,2023-10-05,Gasoline (RON95),60.85,81.55,68.1
2023,2023-10-05,Gasoline (RON91),60.15,77.35,65.15
2023,2023-10-05,Diesel,62.5,74.15,68.85
2023,2023-10-05,Diesel Plus,68.7,87.32,70.95
2023,2023-10-05,Kerosene,79.75,92.09,81.36
2023,2023-09-28,Gasoline (RON97/100),65.05,89.95,76.95
2023,2023-09-28,Gasoline (RON95),63.05,83.55,70.1
2023,2023-09-28,Gasoline (RON91),62.3,79.35,67.3
2023,2023-09-28,Diesel,62.6,73.75,68.45
2023,2023-09-28,Diesel Plus,69.05,86.92,70.45
2023,2023-09-28,Kerosene,80.25,92.59,82.63
2023,2023-09-21,Gasoline (RON97/100),65.25,90.15,77.15
2023,2023-09-21,Gasoline (RON95),63.05,83.75,70.3
2023,2023-09-21,Gasoline (RON91),62.35,79.55,67.5
2023,2023-09-21,Diesel,62.95,74.04,69.75
2023,2023-09-21,Diesel Plus,67.6,87.1,70.2
2023,2023-09-21,Kerosene,80.75,93.09,82.36
2023,2023-09-14,Gasoline (RON97/100),63.25,88.15,75.15
2023,2023-09-14,Gasoline (RON95),61.0,81.75,71.15
2023,2023-09-14,Gasoline (RON91),60.0,77.55,65.5
2023,2023-09-14,Diesel,60.0,71.54,64.75
2023,2023-09-14,Diesel Plus,66.75,84.6,75.7
2023,2023-09-14,Kerosene,78.75,91.09,80.36
2023,2023-09-07,Gasoline (RON97/100),63.25,87.95,80.86
2023,2023-09-07,Gasoline (RON95),61.0,81.85,67.8
2023,2023-09-07,Gasoline (RON91),60.0,80.85,68.1
2023,2023-09-07,Diesel,59.65,74.1,64.35
2023,2023-09-07,Diesel Plus,66.35,84.2,76.4
2023,2023-09-07,Kerosene,78.55,91.09,80.16
2023,2023-08-31,Gasoline (RON97/100),63.25,85.55,79.87
2023,2023-08-31,Gasoline (RON95),60.8,81.05,71.34
2023,2023-08-31,Gasoline (RON91),60.0,73.15,67.5
2023,2023-08-31,Diesel,58.95,70.9,65.62
2023,2023-08-31,Diesel Plus,65.15,81.45,70.83
2023,2023-08-31,Kerosene,78.81,90.1,
2023,2023-08-24,Gasoline (RON97/100),64.15,85.25,79.57
2023,2023-08-24,Gasoline (RON95),60.0,80.75,69.29
2023,2023-08-24,Gasoline (RON91),59.0,72.85,66.39
2023,2023-08-24,Diesel,58.95,70.2,64.69
2023,2023-08-24,Diesel Plus,64.45,80.75,70.13
2023,2023-08-24,Kerosene,77.24,89.3,
2023,2023-08-17,Gasoline (RON97/100),63.05,86.05,77.95
2023,2023-08-17,Gasoline (RON95),59.45,79.95,71.85
2023,2023-08-17,Gasoline (RON91),59.0,78.95,68.7
2023,2023-08-17,Diesel,58.95,72.0,66.25
2023,2023-08-17,Diesel Plus,63.95,82.1,74.3
2023,2023-08-17,Kerosene,75.56,89.29,78.33
2023,2023-08-11,Gasoline (RON97/100),61.15,82.25,76.57
2023,2023-08-11,Gasoline (RON95),57.55,77.75,66.84
2023,2023-08-11,Gasoline (RON91),57.09,69.95,64.84
2023,2023-08-11,Diesel,57.6,68.95,63.39
2023,2023-08-11,Diesel Plus,62.75,79.05,67.21
2023,2023-08-11,Kerosene,74.04,86.1,
2023,2023-08-03,Gasoline (RON97/100),61.25,81.75,76.07
2023,2023-08-03,Gasoline (RON95),56.65,77.25,67.45
2023,2023-08-03,Gasoline (RON91),56.19,69.45,64.65
2023,2023-08-03,Diesel,53.2,64.95,60.3
2023,2023-08-03,Diesel Plus,58.45,75.05,64.43
2023,2023-08-03,Kerosene,71.04,83.35,
2023,2023-07-28,Gasoline (RON97/100),59.15,79.65,75.7
2023,2023-07-28,Gasoline (RON95),55.0,75.15,67.07
2023,2023-07-28,Gasoline (RON91),54.0,68.29,62.65
2023,2023-07-28,Diesel,49.95,61.63,55.79
2023,2023-07-28,Diesel Plus,54.7,71.55,67.72
2023,2023-07-28,Kerosene,67.79,80.1,
2023,2023-07-21,Gasoline (RON97/100),58.2,78.3,72.62
2023,2023-07-21,Gasoline (RON95),53.99,73.8,64.96
2023,2023-07-21,Gasoline (RON91),53.49,66.94,61.48
2023,2023-07-21,Diesel,49.5,61.18,55.96
2023,2023-07-21,Diesel Plus,54.25,71.1,63.13
2023,2023-07-21,Kerosene,67.44,79.75,
2023,2023-07-14,Gasoline (RON97/100),56.3,76.4,70.72
2023,2023-07-14,Gasoline (RON95),53.5,71.9,65.0
2023,2023-07-14,Gasoline (RON91),53.0,65.5,60.83
2023,2023-07-14,Diesel,47.85,61.55,55.46
2023,2023-07-14,Diesel Plus,52.85,69.0,65.17
2023,2023-07-14,Kerosene,65.64,77.95,
2023,2023-07-07,Gasoline (RON97/100),57.05,76.6,71.18
2023,2023-07-07,Gasoline (RON95),53.5,72.1,60.87
2023,2023-07-07,Gasoline (RON91),53.0,65.7,59.83
2023,2023-07-07,Diesel,47.5,59.0,53.35
2023,2023-07-07,Diesel Plus,50.93,68.25,59.68
2023,2023-07-07,Kerosene,65.14,77.55,
2023,2023-06-29,Gasoline (RON97/100),57.05,77.3,72.99
2023,2023-06-29,Gasoline (RON95),53.0,72.8,63.44
2023,2023-06-29,Gasoline (RON91),52.0,66.59,60.27
2023,2023-06-29,Diesel,47.85,59.7,54.05
2023,2023-06-29,Diesel Plus,51.63,68.95,60.38
2023,2023-06-29,Kerosene,65.6,78.4,
2023,2023-06-24,Gasoline (RON97/100),56.85,77.1,74.28
2023,2023-06-24,Gasoline (RON95),53.0,72.6,61.34
2023,2023-06-24,Gasoline (RON91),52.0,66.39,60.53
2023,2023-06-24,Diesel,47.75,58.78,53.84
2023,2023-06-24,Diesel Plus,52.85,67.9,56.08
2023,2023-06-24,Kerosene,64.59,77.2,
2023,2023-06-15,Gasoline (RON97/100),57.2,77.45,71.95
2023,2023-06-15,Gasoline (RON95),53.0,72.95,61.37
2023,2023-06-15,Gasoline (RON91),52.0,67.19,60.78
2023,2023-06-15,Diesel,48.0,58.88,53.76
2023,2023-06-15,Diesel Plus,52.95,68.0,60.82
2023,2023-06-15,Kerosene,64.89,77.5,
2023,2023-06-08,Gasoline (RON97/100),56.0,76.25,70.75
2023,2023-06-08,Gasoline (RON95),53.0,71.75,61.76
2023,2023-06-08,Gasoline (RON91),52.0,65.99,60.48
2023,2023-06-08,Diesel,46.75,57.48,53.3
2023,2023-06-08,Diesel Plus,51.75,66.6,59.42
2023,2023-06-08,Kerosene,63.59,76.2,
2023,2023-06-01,Gasoline (RON97/100),57.7,76.85,70.75
2023,2023-06-01,Gasoline (RON95),53.0,72.35,62.36
2023,2023-06-01,Gasoline (RON91),52.0,66.59,61.56
2023,2023-06-01,Diesel,47.55,57.78,53.37
2023,2023-06-01,Diesel Plus,52.95,66.9,59.87
2023,2023-06-01,Kerosene,64.19,76.8,
2023,2023-05-25,Gasoline (RON97/100),56.7,75.75,70.25
2023,2023-05-25,Gasoline (RON95),53.0,71.25,61.62
2023,2023-05-25,Gasoline (RON91),51.25,65.5,59.98
2023,2023-05-25,Diesel,47.55,59.5,53.54
2023,2023-05-25,Diesel Plus,53.15,66.9,57.53
2023,2023-05-25,Kerosene,64.54,77.15,
2023,2023-05-19,Gasoline (RON97/100),55.9,74.95,69.45
2023,2023-05-19,Gasoline (RON95),53.0,70.45,61.32
2023,2023-05-19,Gasoline (RON91),52.0,64.71,59.28
2023,2023-05-19,Diesel,46.95,58.9,52.93
2023,2023-05-19,Diesel Plus,52.25,66.3,56.93
2023,2023-05-19,Kerosene,65.45,77.25,
2023,2023-05-12,Gasoline (RON97/100),55.8,74.6,65.2
2023,2023-05-12,Gasoline (RON95),53.0,70.1,62.1
2023,2023-05-12,Gasoline (RON91),52.0,64.95,57.94
2023,2023-05-12,Diesel,46.95,57.5,52.08
2023,2023-05-12,Diesel Plus,50.85,64.9,55.53
2023,2023-05-12,Kerosene,64.25,76.05,
2023,2023-05-06,Gasoline (RON97/100),57.7,76.8,71.45
2023,2023-05-06,Gasoline (RON95),55.0,72.3,64.19
2023,2023-05-06,Gasoline (RON91),54.0,67.8,61.34
2023,2023-05-06,Diesel,49.85,60.2,54.64
2023,2023-05-06,Diesel Plus,53.55,67.6,58.23
2023,2023-05-06,Kerosene,66.15,78.05,
2023,2023-04-27,Gasoline (RON97/100),59.2,78.3,72.95
2023,2023-04-27,Gasoline (RON95),56.0,73.8,67.75
2023,2023-04-27,Gasoline (RON91),55.0,69.3,63.85
2023,2023-04-27,Diesel,51.4,61.5,55.94
2023,2023-04-27,Diesel Plus,54.85,68.9,60.9
2023,2023-04-27,Kerosene,67.55,79.45,
2023,2023-04-20,Gasoline (RON97/100),61.15,79.7,74.35
2023,2023-04-20,Gasoline (RON95),57.6,75.2,67.06
2023,2023-04-20,Gasoline (RON91),57.0,71.09,65.54
2023,2023-04-20,Diesel,52.29,63.1,57.11
2023,2023-04-20,Diesel Plus,55.55,70.5,61.6
2023,2023-04-20,Kerosene,68.4,79.45,
2023,2023-04-13,Gasoline (RON97/100),60.85,79.4,69.85
2023,2023-04-13,Gasoline (RON95),57.6,74.9,67.06
2023,2023-04-13,Gasoline (RON91),56.8,71.5,65.24
2023,2023-04-13,Diesel,51.95,63.5,57.93
2023,2023-04-13,Diesel Plus,56.25,70.9,61.87
2023,2023-04-13,Kerosene,68.3,79.35,68.96
2023,2023-04-09,Gasoline (RON97/100),58.25,76.8,76.8
2023,2023-04-09,Gasoline (RON95),55.55,72.3,64.45
2023,2023-04-09,Gasoline (RON91),55.0,70.7,61.99
2023,2023-04-09,Diesel,50.7,61.8,56.58
2023,2023-04-09,Diesel Plus,56.15,69.2,60.17
2023,2023-04-09,Kerosene,66.2,77.45,68.12
2023,2023-03-31,Gasoline (RON97/100),56.85,75.4,75.4
2023,2023-03-31,Gasoline (RON95),54.15,70.9,63.04
2023,2023-03-31,Gasoline (RON91),53.65,69.3,60.99
2023,2023-03-31,Diesel,50.45,64.19,56.22
2023,2023-03-31,Diesel Plus,55.65,68.7,59.65
2023,2023-03-31,Kerosene,66.2,77.25,
2023,2023-03-24,Gasoline (RON97/100),57.7,76.25,70.47
2023,2023-03-24,Gasoline (RON95),54.1,71.75,63.91
2023,2023-03-24,Gasoline (RON91),54.0,70.15,62.28
2023,2023-03-24,Diesel,51.85,65.5,57.53
2023,2023-03-24,Diesel Plus,57.05,70.0,61.44
2023,2023-03-24,Kerosene,68.1,78.75,
2023,2023-03-17,Gasoline (RON97/100),58.9,77.45,71.68
2023,2023-03-17,Gasoline (RON95),55.6,72.95,65.49
2023,2023-03-17,Gasoline (RON91),55.5,71.35,64.51
2023,2023-03-17,Diesel,54.0,67.35,59.8
2023,2023-03-17,Diesel Plus,58.9,71.85,62.78
2023,2023-03-17,Kerosene,70.1,80.25,
2023,2023-03-10,Gasoline (RON97/100),59.4,76.45,70.68
2023,2023-03-10,Gasoline (RON95),56.0,71.95,64.66
2023,2023-03-10,Gasoline (RON91),55.0,70.35,63.79
2023,2023-03-10,Diesel,54.1,67.45,60.11
2023,2023-03-10,Diesel Plus,60.05,71.95,63.09
2023,2023-03-10,Kerosene,70.7,80.85,
2023,2023-03-02,Gasoline (RON97/100),59.0,76.05,70.72
2023,2023-03-02,Gasoline (RON95),56.0,71.55,65.39
2023,2023-03-02,Gasoline (RON91),55.0,69.95,63.74
2023,2023-03-02,Diesel,53.3,65.95,59.77
2023,2023-03-02,Diesel Plus,58.55,70.45,63.12
2023,2023-03-02,Kerosene,69.45,79.6,
2023,2023-02-23,Gasoline (RON97/100),61.3,76.75,71.43
2023,2023-02-23,Gasoline (RON95),57.0,72.25,66.75
2023,2023-02-23,Gasoline (RON91),56.0,70.65,64.77
2023,2023-02-23,Diesel,55.0,67.25,60.95
2023,2023-02-23,Diesel Plus,60.55,71.75,61.65
2023,2023-02-23,Kerosene,70.89,81.4,
2023,2023-02-17,Gasoline (RON97/100),60.4,77.11,75.85
2023,2023-02-17,Gasoline (RON95),57.0,71.35,65.98
2023,2023-02-17,Gasoline (RON91),56.0,69.75,64.8
2023,2023-02-17,Diesel,54.4,66.2,59.92
2023,2023-02-17,Diesel Plus,59.5,70.7,63.27
2023,2023-02-17,Kerosene,71.5,81.65,
2023,2023-02-10,Gasoline (RON97/100),60.7,77.11,75.62
2023,2023-02-10,Gasoline (RON95),59.0,71.35,65.6
2023,2023-02-10,Gasoline (RON91),58.0,69.75,64.6
2023,2023-02-10,Diesel,56.9,68.4,61.99
2023,2023-02-10,Diesel Plus,61.7,72.9,64.36
2023,2023-02-10,Kerosene,74.0,84.15,
2023,2023-02-03,Gasoline (RON97/100),64.6,82.65,80.42
2023,2023-02-03,Gasoline (RON95),61.0,73.45,70.14
2023,2023-02-03,Gasoline (RON91),60.0,71.85,68.01
2023,2023-02-03,Diesel,59.65,71.4,67.48
2023,2023-02-03,Diesel Plus,65.35,78.8,70.0
2023,2023-02-03,Kerosene,75.15,86.45,
2023,2023-01-26,Gasoline (RON97/100),64.3,81.35,79.12
2023,2023-01-26,Gasoline (RON95),60.0,73.75,68.68
2023,2023-01-26,Gasoline (RON91),59.0,72.75,68.42
2023,2023-01-26,Diesel,59.85,70.4,66.48
2023,2023-01-26,Diesel Plus,64.1,76.0,73.57
2023,2023-01-26,Kerosene,74.95,85.1,
2023,2023-01-20,Gasoline (RON97/100),61.75,78.55,76.32
2023,2023-01-20,Gasoline (RON95),57.0,72.76,65.65
2023,2023-01-20,Gasoline (RON91),56.0,69.95,65.26
2023,2023-01-20,Diesel,57.6,68.15,65.24
2023,2023-01-20,Diesel Plus,63.65,73.75,68.77
2023,2023-01-20,Kerosene,72.55,82.7,
2023,2023-01-12,Gasoline (RON97/100),61.25,77.6,75.38
2023,2023-01-12,Gasoline (RON95),57.0,73.31,65.63
2023,2023-01-12,Gasoline (RON91),56.0,72.15,64.52
2023,2023-01-12,Diesel,57.1,73.4,64.27
2023,2023-01-12,Diesel Plus,63.15,74.15,66.35
2023,2023-01-12,Kerosene,72.7,82.85,
2023,2023-01-05,Gasoline (RON97/100),63.05,78.35,
2023,2023-01-05,Gasoline (RON95),59.0,74.06,66.66
2023,2023-01-05,Gasoline (RON91),58.0,73.49,65.53
2023,2023-01-05,Diesel,60.0,73.4,67.5
2023,2023-01-05,Diesel Plus,65.1,77.6,69.15
2023,2023-01-05,Kerosene,74.8,83.74,
2022,2022-12-29,Gasoline (RON97/100),60.15,75.45,74.65
2022,2022-12-29,Gasoline (RON95),55.0,71.5,63.97
2022,2022-12-29,Gasoline (RON91),54.0,70.59,62.57
2022,2022-12-29,Diesel,58.0,71.3,65.86
2022,2022-12-29,Diesel Plus,62.2,75.5,67.05
2022,2022-12-29,Kerosene,71.75,81.9,
2022,2022-12-22,Gasoline (RON97/100),59.5,74.5,73.7
2022,2022-12-22,Gasoline (RON95),55.0,71.19,62.96
2022,2022-12-22,Gasoline (RON91),54.0,70.79,61.62
2022,2022-12-22,Diesel,58.0,71.5,66.26
2022,2022-12-22,Diesel Plus,62.4,75.7,67.25
2022,2022-12-22,Kerosene,71.25,81.4,
2022,2022-12-15,Gasoline (RON97/100),59.4,73.8,73.0
2022,2022-12-15,Gasoline (RON95),55.0,71.19,62.83
2022,2022-12-15,Gasoline (RON91),54.0,70.79,61.77
2022,2022-12-15,Diesel,57.43,69.4,63.68
2022,2022-12-15,Diesel Plus,62.45,74.35,65.0
2022,2022-12-15,Kerosene,69.6,79.75,
2022,2022-12-09,Gasoline (RON97/100),61.1,75.5,69.78
2022,2022-12-09,Gasoline (RON95),55.0,72.89,64.31
2022,2022-12-09,Gasoline (RON91),54.0,72.49,63.47
2022,2022-12-09,Diesel,61.0,73.6,67.7
2022,2022-12-09,Diesel Plus,65.85,77.75,70.95
2022,2022-12-09,Kerosene,74.0,84.15,
2022,2022-12-03,Gasoline (RON97/100),63.1,77.45,71.72
2022,2022-12-03,Gasoline (RON95),57.0,74.89,67.12
2022,2022-12-03,Gasoline (RON91),56.0,74.49,66.12
2022,2022-12-03,Diesel,62.0,74.7,69.73
2022,2022-12-03,Diesel Plus,67.6,78.1,72.85
2022,2022-12-03,Kerosene,75.65,85.8,
2022,2022-11-26,Gasoline (RON97/100),64.5,78.3,76.08
2022,2022-11-26,Gasoline (RON95),58.0,75.79,68.47
2022,2022-11-26,Gasoline (RON91),57.0,75.39,68.65
2022,2022-11-26,Diesel,67.0,78.65,75.01
2022,2022-11-26,Diesel Plus,72.15,82.25,72.3
2022,2022-11-26,Kerosene,78.3,88.45,
2022,2022-11-17,Gasoline (RON97/100),65.0,78.7,76.47
2022,2022-11-17,Gasoline (RON95),59.0,76.19,68.95
2022,2022-11-17,Gasoline (RON91),58.0,75.79,68.68
2022,2022-11-17,Diesel,68.0,80.8,77.23
2022,2022-11-17,Diesel Plus,74.3,85.31,75.25
2022,2022-11-17,Kerosene,80.4,89.34,
2022,2022-11-10,Gasoline (RON97/100),64.1,77.8,77.0
2022,2022-11-10,Gasoline (RON95),59.65,75.4,68.8
2022,2022-11-10,Gasoline (RON91),58.95,74.89,67.49
2022,2022-11-10,Diesel,69.0,81.1,77.53
2022,2022-11-10,Diesel Plus,74.6,84.7,78.75
2022,2022-11-10,Kerosene,79.05,89.2,
2022,2022-11-03,Gasoline (RON97/100),62.9,76.4,74.18
2022,2022-11-03,Gasoline (RON95),59.65,74.0,68.42
2022,2022-11-03,Gasoline (RON91),58.95,73.49,66.38
2022,2022-11-03,Diesel,69.0,81.61,77.63
2022,2022-11-03,Diesel Plus,75.1,85.2,79.25
2022,2022-11-03,Kerosene,79.4,89.55,
2022,2022-10-27,Gasoline (RON97/100),63.15,76.65,74.42
2022,2022-10-27,Gasoline (RON95),61.0,74.25,68.18
2022,2022-10-27,Gasoline (RON91),60.0,73.79,67.95
2022,2022-10-27,Diesel,70.0,82.21,78.73
2022,2022-10-27,Diesel Plus,75.7,85.8,81.1
2022,2022-10-27,Kerosene,79.65,89.8,
2022,2022-10-20,Gasoline (RON97/100),64.03,76.43,74.19
2022,2022-10-20,Gasoline (RON95),61.0,74.03,68.79
2022,2022-10-20,Gasoline (RON91),60.0,73.59,68.2
2022,2022-10-20,Diesel,69.8,81.53,78.56
2022,2022-10-20,Diesel Plus,76.05,85.0,81.2
2022,2022-10-20,Kerosene,78.43,88.57,
2022,2022-10-13,Gasoline (RON97/100),64.9,76.2,73.97
2022,2022-10-13,Gasoline (RON95),61.0,73.8,69.4
2022,2022-10-13,Gasoline (RON91),60.0,73.39,68.46
2022,2022-10-13,Diesel,69.6,80.85,78.4
2022,2022-10-13,Diesel Plus,76.4,84.2,81.31
2022,2022-10-13,Kerosene,77.2,87.35,
2022,2022-10-06,Gasoline (RON97/100),63.7,75.0,72.55
2022,2022-10-06,Gasoline (RON95),58.0,73.6,68.29
2022,2022-10-06,Gasoline (RON91),57.0,72.19,67.26
2022,2022-10-06,Diesel,63.0,74.39,71.52
2022,2022-10-06,Diesel Plus,69.55,77.35,74.46
2022,2022-10-06,Kerosene,73.7,83.85,
2022,2022-09-29,Gasoline (RON97/100),64.1,75.4,72.95
2022,2022-09-29,Gasoline (RON95),60.0,74.0,68.69
2022,2022-09-29,Gasoline (RON91),59.0,72.59,67.61
2022,2022-09-29,Diesel,63.0,74.84,71.97
2022,2022-09-29,Diesel Plus,70.0,77.8,74.58
2022,2022-09-29,Kerosene,74.55,86.05,
2022,2022-09-23,Gasoline (RON97/100),65.75,77.05,75.3
2022,2022-09-23,Gasoline (RON95),61.0,75.65,70.18
2022,2022-09-23,Gasoline (RON91),60.0,74.29,69.64
2022,2022-09-23,Diesel,64.0,77.9,74.34
2022,2022-09-23,Diesel Plus,71.3,79.84,77.45
2022,2022-09-23,Kerosene,75.9,86.05,
2022,2022-09-15,Gasoline (RON97/100),65.95,77.05,75.3
2022,2022-09-15,Gasoline (RON95),61.0,75.65,70.26
2022,2022-09-15,Gasoline (RON91),60.0,74.29,69.47
2022,2022-09-15,Diesel,68.0,80.1,78.18
2022,2022-09-15,Diesel Plus,77.45,83.2,81.6
2022,2022-09-15,Kerosene,80.35,90.5,
2022,2022-09-06,Gasoline (RON97/100),66.4,77.5,76.9
2022,2022-09-06,Gasoline (RON95),62.0,77.19,71.35
2022,2022-09-06,Gasoline (RON91),61.0,76.79,70.12
2022,2022-09-06,Diesel,70.0,82.04,80.03
2022,2022-09-06,Diesel Plus,78.9,85.0,83.05
2022,2022-09-06,Kerosene,82.05,93.45,
2022,2022-09-01,Gasoline (RON97/100),69.4,79.5,79.5
2022,2022-09-01,Gasoline (RON95),66.1,79.79,74.02
2022,2022-09-01,Gasoline (RON91),65.1,79.39,72.74
2022,2022-09-01,Diesel,71.0,83.74,81.31
2022,2022-09-01,Diesel Plus,80.45,86.55,84.6
2022,2022-09-01,Kerosene,83.65,93.8,
2022,2022-08-25,Gasoline (RON97/100),68.3,78.1,78.1
2022,2022-08-25,Gasoline (RON95),64.7,78.39,73.11
2022,2022-08-25,Gasoline (RON91),64.0,77.99,72.11
2022,2022-08-25,Diesel,68.0,77.64,75.58
2022,2022-08-25,Diesel Plus,72.7,80.45,78.5
2022,2022-08-25,Kerosene,77.55,87.7,
2022,2022-08-18,Gasoline (RON97/100),67.65,78.56,
2022,2022-08-18,Gasoline (RON95),64.0,77.69,72.11
2022,2022-08-18,Gasoline (RON91),63.5,77.29,72.76
2022,2022-08-18,Diesel,66.55,75.71,72.51
2022,2022-08-18,Diesel Plus,71.75,79.3,76.32
2022,2022-08-18,Kerosene,72.99,84.9,
2022,2022-08-11,Gasoline (RON97/100),67.75,80.7,
2022,2022-08-11,Gasoline (RON95),64.1,77.79,72.7
2022,2022-08-11,Gasoline (RON91),63.6,77.39,71.76
2022,2022-08-11,Diesel,67.6,77.15,74.28
2022,2022-08-11,Diesel Plus,72.8,80.2,77.38
2022,2022-08-11,Kerosene,73.44,85.35,
2022,2022-08-04,Gasoline (RON97/100),69.85,81.6,76.32
2022,2022-08-04,Gasoline (RON95),66.2,78.56,75.67
2022,2022-08-04,Gasoline (RON91),65.7,77.7,75.32
2022,2022-08-04,Diesel,69.8,78.96,76.52
2022,2022-08-04,Diesel Plus,75.0,83.06,79.58
2022,2022-08-04,Kerosene,77.29,87.9,
2022,2022-07-28,Gasoline (RON97/100),70.1,81.55,75.57
2022,2022-07-28,Gasoline (RON95),67.4,78.05,74.92
2022,2022-07-28,Gasoline (RON91),65.9,76.95,74.37
2022,2022-07-28,Diesel,71.6,79.56,77.57
2022,2022-07-28,Diesel Plus,75.6,83.66,79.5
2022,2022-07-28,Kerosene,78.04,88.65,
2022,2022-07-21,Gasoline (RON97/100),71.95,81.25,77.73
2022,2022-07-21,Gasoline (RON95),67.65,78.21,75.72
2022,2022-07-21,Gasoline (RON91),66.49,81.55,74.77
2022,2022-07-21,Diesel,73.3,81.41,79.76
2022,2022-07-21,Diesel Plus,77.45,86.0,81.35
2022,2022-07-21,Kerosene,79.34,89.95,
2022,2022-07-14,Gasoline (RON97/100),75.25,86.25,82.73
2022,2022-07-14,Gasoline (RON95),72.8,83.21,80.03
2022,2022-07-14,Gasoline (RON91),71.49,82.35,79.77
2022,2022-07-14,Diesel,75.3,83.41,81.71
2022,2022-07-14,Diesel Plus,79.45,88.0,84.52
2022,2022-07-14,Kerosene,80.04,90.65,
2022,2022-07-07,Gasoline (RON97/100),79.9,93.21,87.82
2022,2022-07-07,Gasoline (RON95),77.45,89.61,86.18
2022,2022-07-07,Gasoline (RON91),76.45,88.05,85.47
2022,2022-07-07,Diesel,81.2,89.71,87.74
2022,2022-07-07,Diesel Plus,85.55,94.5,90.12
2022,2022-07-07,Kerosene,86.34,95.74,
2022,2022-06-30,Gasoline (RON97/100),79.9,93.21,87.82
2022,2022-06-30,Gasoline (RON95),77.45,89.61,86.18
2022,2022-06-30,Gasoline (RON91),76.45,88.05,85.13
2022,2022-06-30,Diesel,83.2,94.3,90.7
2022,2022-06-30,Diesel Plus,89.15,97.5,93.12
2022,2022-06-30,Kerosene,89.74,99.14,97.35
2022,2022-06-23,Gasoline (RON97/100),79.75,93.35,87.32
2022,2022-06-23,Gasoline (RON95),76.95,89.35,85.29
2022,2022-06-23,Gasoline (RON91),75.95,88.6,83.92
2022,2022-06-23,Diesel,81.55,91.6,89.02
2022,2022-06-23,Diesel Plus,86.05,95.85,92.02
2022,2022-06-23,Kerosene,89.64,99.04,97.25
2022,2022-06-14,Gasoline (RON97/100),79.75,92.29,91.2
2022,2022-06-14,Gasoline (RON95),76.15,88.56,86.01
2022,2022-06-14,Gasoline (RON91),75.15,87.81,82.87
2022,2022-06-14,Diesel,77.4,88.51,85.92
2022,2022-06-14,Diesel Plus,85.7,92.75,89.28
2022,2022-06-14,Kerosene,87.94,97.34,95.55
2022,2022-06-09,Gasoline (RON97/100),78.15,90.14,89.05
2022,2022-06-09,Gasoline (RON95),75.7,86.41,83.86
2022,2022-06-09,Gasoline (RON91),74.4,85.66,80.72
2022,2022-06-09,Diesel,74.25,84.21,81.77
2022,2022-06-09,Diesel Plus,81.75,88.5,83.45
2022,2022-06-09,Kerosene,83.09,91.45,90.7
2022,2022-06-02,Gasoline (RON97/100),75.45,87.44,86.35
2022,2022-06-02,Gasoline (RON95),73.0,83.71,79.33
2022,2022-06-02,Gasoline (RON91),71.7,82.96,78.27
2022,2022-06-02,Diesel,68.75,78.85,75.2
2022,2022-06-02,Diesel Plus,73.15,81.9,78.1
2022,2022-06-02,Kerosene,77.64,85.37,85.25
2022,2022-05-26,Gasoline (RON97/100),77.15,89.14,88.5
2022,2022-05-26,Gasoline (RON95),73.4,85.41,82.35
2022,2022-05-26,Gasoline (RON91),72.9,84.56,80.58
2022,2022-05-26,Diesel,67.75,78.25,74.1
2022,2022-05-26,Diesel Plus,74.85,80.7,77.32
2022,2022-05-26,Kerosene,75.65,82.92,82.8
2022,2022-05-20,Gasoline (RON97/100),73.2,86.65,84.55
2022,2022-05-20,Gasoline (RON95),70.75,81.55,78.6
2022,2022-05-20,Gasoline (RON91),69.51,80.7,76.63
2022,2022-05-20,Diesel,70.05,79.75,76.42
2022,2022-05-20,Diesel Plus,77.1,83.0,79.3
2022,2022-05-20,Kerosene,76.64,87.05,85.25
2022,2022-05-12,Gasoline (RON97/100),73.6,87.05,84.95
2022,2022-05-12,Gasoline (RON95),69.55,82.3,77.99
2022,2022-05-12,Gasoline (RON91),68.45,81.1,76.72
2022,2022-05-12,Diesel,71.95,81.85,79.52
2022,2022-05-12,Diesel Plus,75.85,86.1,83.56
2022,2022-05-12,Kerosene,78.74,89.14,87.35
2022,2022-05-05,Gasoline (RON97/100),69.4,83.95,80.75
2022,2022-05-05,Gasoline (RON95),66.95,78.1,73.9
2022,2022-05-05,Gasoline (RON91),66.45,76.9,73.11
2022,2022-05-05,Diesel,69.55,77.65,75.4
2022,2022-05-05,Diesel Plus,75.85,82.25,76.97
2022,2022-05-05,Kerosene,72.73,83.29,81.5
2022,2022-04-28,Gasoline (RON97/100),70.05,85.15,84.6
2022,2022-04-28,Gasoline (RON95),66.95,79.4,75.73
2022,2022-04-28,Gasoline (RON91),66.45,79.1,73.66
2022,2022-04-28,Diesel,68.2,79.5,76.39
2022,2022-04-28,Diesel Plus,77.0,84.05,78.12
2022,2022-04-28,Kerosene,72.73,84.44,82.65
2022,2022-04-19,Gasoline (RON97/100),67.05,82.15,81.6
2022,2022-04-19,Gasoline (RON95),65.05,76.4,72.52
2022,2022-04-19,Gasoline (RON91),64.2,76.1,70.77
2022,2022-04-19,Diesel,65.25,75.4,72.57
2022,2022-04-19,Diesel Plus,73.3,79.95,74.02
2022,2022-04-19,Kerosene,70.54,80.94,75.86
2022,2022-04-15,Gasoline (RON97/100),66.6,81.7,81.15
2022,2022-04-15,Gasoline (RON95),64.6,78.15,71.55
2022,2022-04-15,Gasoline (RON91),64.1,75.65,70.73
2022,2022-04-15,Diesel,63.0,73.7,70.55
2022,2022-04-15,Diesel Plus,71.6,78.75,72.32
2022,2022-04-15,Kerosene,70.09,80.49,78.7
2022,2022-04-07,Gasoline (RON97/100),67.6,82.7,82.15
2022,2022-04-07,Gasoline (RON95),65.6,80.7,71.92
2022,2022-04-07,Gasoline (RON91),64.75,76.65,71.5
2022,2022-04-07,Diesel,63.0,74.05,70.82
2022,2022-04-07,Diesel Plus,71.8,79.1,72.67
2022,2022-04-07,Kerosene,73.09,83.49,81.7
2022,2022-03-31,Gasoline (RON97/100),70.1,85.0,84.45
2022,2022-03-31,Gasoline (RON95),65.75,83.0,74.3
2022,2022-03-31,Gasoline (RON91),64.75,78.95,73.62
2022,2022-03-31,Diesel,62.8,75.9,73.14
2022,2022-03-31,Diesel Plus,73.8,80.95,74.52
2022,2022-03-31,Kerosene,65.34,85.14,83.35
2022,2022-03-24,Gasoline (RON97/100),68.0,81.6,81.05
2022,2022-03-24,Gasoline (RON95),64.9,79.6,70.94
2022,2022-03-24,Gasoline (RON91),64.45,76.55,69.95
2022,2022-03-24,Diesel,60.95,68.3,63.94
2022,2022-03-24,Diesel Plus,65.15,72.3,65.87
2022,2022-03-24,Kerosene,65.34,75.74,73.95
2022,2022-03-17,Gasoline (RON97/100),73.45,87.4,86.5
2022,2022-03-17,Gasoline (RON95),66.9,85.05,76.09
2022,2022-03-17,Gasoline (RON91),66.5,83.05,74.78
2022,2022-03-17,Diesel,66.5,80.75,75.39
2022,2022-03-17,Diesel Plus,77.05,83.75,77.32
2022,2022-03-17,Kerosene,0.0,84.29,82.55
2022,2022-03-10,Gasoline (RON97/100),66.35,80.95,79.4
2022,2022-03-10,Gasoline (RON95),63.25,77.95,69.55
2022,2022-03-10,Gasoline (RON91),61.85,75.95,68.7
2022,2022-03-10,Diesel,55.2,69.25,63.03
2022,2022-03-10,Diesel Plus,63.2,70.6,66.1
2022,2022-03-10,Kerosene,64.04,73.79,
2022,2022-03-03,Gasoline (RON97/100),62.75,76.99,75.8
2022,2022-03-03,Gasoline (RON95),57.55,74.35,65.95
2022,2022-03-03,Gasoline (RON91),57.05,72.35,65.1
2022,2022-03-03,Diesel,52.45,61.75,57.35
2022,2022-03-03,Diesel Plus,57.35,65.45,59.4
2022,2022-03-03,Kerosene,60.48,69.69,67.95
2022,2022-02-24,Gasoline (RON97/100),61.85,76.09,74.9
2022,2022-02-24,Gasoline (RON95),56.65,73.45,66.08
2022,2022-02-24,Gasoline (RON91),56.15,71.54,65.28
2022,2022-02-24,Diesel,51.65,60.97,57.19
2022,2022-02-24,Diesel Plus,56.3,64.65,58.6
2022,2022-02-24,Kerosene,59.19,68.94,67.3
2022,2022-02-17,Gasoline (RON97/100),61.05,75.29,67.75
2022,2022-02-17,Gasoline (RON95),55.85,72.65,67.55
2022,2022-02-17,Gasoline (RON91),55.35,70.74,66.94
2022,2022-02-17,Diesel,51.25,60.32,57.92
2022,2022-02-17,Diesel Plus,56.15,64.0,58.42
2022,2022-02-17,Kerosene,58.74,68.49,66.85
2022,2022-02-10,Gasoline (RON97/100),59.85,74.09,72.9
2022,2022-02-10,Gasoline (RON95),55.15,71.76,65.64
2022,2022-02-10,Gasoline (RON91),54.15,70.76,65.63
2022,2022-02-10,Diesel,48.95,59.27,56.87
2022,2022-02-10,Diesel Plus,54.55,62.95,59.2
2022,2022-02-10,Kerosene,58.63,67.84,62.55
2022,2022-02-03,Gasoline (RON97/100),59.9,76.38,71.85
2022,2022-02-03,Gasoline (RON95),55.15,72.2,63.45
2022,2022-02-03,Gasoline (RON91),54.15,70.9,64.77
2022,2022-02-03,Diesel,48.21,59.92,54.04
2022,2022-02-03,Diesel Plus,54.35,63.6,56.18
2022,2022-02-03,Kerosene,57.38,66.59,64.95
2022,2022-01-27,Gasoline (RON97/100),59.15,75.63,71.1
2022,2022-01-27,Gasoline (RON95),54.95,71.45,64.04
2022,2022-01-27,Gasoline (RON91),53.95,70.15,64.02
2022,2022-01-27,Diesel,47.7,59.17,54.54
2022,2022-01-27,Diesel Plus,53.85,62.41,57.25
2022,2022-01-27,Kerosene,56.93,66.14,64.55
2022,2022-01-20,Gasoline (RON97/100),57.7,74.18,69.65
2022,2022-01-20,Gasoline (RON95),53.7,69.95,63.42
2022,2022-01-20,Gasoline (RON91),52.7,68.7,62.57
2022,2022-01-20,Diesel,46.05,57.27,52.57
2022,2022-01-20,Diesel Plus,51.95,60.43,55.35
2022,2022-01-20,Kerosene,54.6,64.44,
2022,2022-01-13,Gasoline (RON97/100),56.8,73.28,68.75
2022,2022-01-13,Gasoline (RON95),52.8,69.05,61.18
2022,2022-01-13,Gasoline (RON91),51.8,67.8,61.67
2022,2022-01-13,Diesel,43.87,55.47,49.56
2022,2022-01-13,Diesel Plus,50.15,58.63,53.55
2022,2022-01-13,Kerosene,52.3,62.14,
2022,2022-01-06,Gasoline (RON97/100),56.05,72.53,
2022,2022-01-06,Gasoline (RON95),52.05,68.3,61.77
2022,2022-01-06,Gasoline (RON91),51.05,67.05,60.92
2022,2022-01-06,Diesel,43.1,54.77,49.67
2022,2022-01-06,Diesel Plus,50.35,57.53,52.45
2022,2022-01-06,Kerosene,52.3,61.24,59.65
2022,2022-01-02,Gasoline (RON97/100),54.2,70.68,
2022,2022-01-02,Gasoline (RON95),50.95,66.45,59.09
2022,2022-01-02,Gasoline (RON91),49.95,65.2,59.28
2022,2022-01-02,Diesel,41.47,51.97,47.27
2022,2022-01-02,Diesel Plus,47.95,55.13,50.05
2022,2022-01-02,Kerosene,49.88,59.39,57.8
2021,2021-12-27,Gasoline (RON97/100),54.38,70.82,
2021,2021-12-27,Gasoline (RON95),50.92,66.55,59.69
2021,2021-12-27,Gasoline (RON91),26.32,65.3,59.67
2021,2021-12-27,Diesel,41.68,52.3,47.91
2021,2021-12-27,Diesel Plus,48.28,55.46,50.38
2021,2021-12-27,Kerosene,50.3,59.82,58.22
2021,2021-12-21,Gasoline (RON97/100),54.55,70.95,
2021,2021-12-21,Gasoline (RON95),50.9,66.65,60.29
2021,2021-12-21,Gasoline (RON91),2.68,65.4,60.06
2021,2021-12-21,Diesel,41.9,52.62,48.55
2021,2021-12-21,Diesel Plus,48.6,55.78,50.7
2021,2021-12-21,Kerosene,50.73,60.24,58.65
2021,2021-12-16,Gasoline (RON97/100),53.85,70.4,
2021,2021-12-16,Gasoline (RON95),50.9,66.1,59.74
2021,2021-12-16,Gasoline (RON91),49.9,64.85,59.51
2021,2021-12-16,Diesel,42.0,52.07,48.58
2021,2021-12-16,Diesel Plus,48.05,55.23,53.04
2021,2021-12-16,Kerosene,50.33,59.54,57.95
2021,2021-12-10,Gasoline (RON97/100),52.25,68.8,
2021,2021-12-10,Gasoline (RON95),49.35,66.79,57.1
2021,2021-12-10,Gasoline (RON91),48.5,65.73,56.65
2021,2021-12-10,Diesel,40.95,50.72,47.3
2021,2021-12-10,Diesel Plus,46.7,53.88,51.69
2021,2021-12-10,Kerosene,49.13,58.34,57.95
2021,2021-11-30,Gasoline (RON97/100),54.65,71.2,
2021,2021-11-30,Gasoline (RON97/100),54.65,71.2,
2021,2021-11-30,Gasoline (RON95),52.15,69.19,59.5
2021,2021-11-30,Gasoline (RON95),52.15,69.19,59.5
2021,2021-11-30,Gasoline (RON91),51.15,68.13,59.05
2021,2021-11-30,Gasoline (RON91),51.15,68.13,59.05
2021,2021-11-30,Diesel,43.61,53.37,49.79
2021,2021-11-30,Diesel,43.61,53.37,49.79
2021,2021-11-30,Diesel Plus,49.47,56.53,54.34
2021,2021-11-30,Diesel Plus,49.47,56.53,54.34
2021,2021-11-30,Kerosene,51.83,61.04,58.95
2021,2021-11-30,Kerosene,51.83,61.04,58.95
2021,2021-11-25,Gasoline (RON97/100),55.75,72.3,64.8
2021,2021-11-25,Gasoline (RON95),52.15,70.29,60.14
2021,2021-11-25,Gasoline (RON91),51.15,69.23,60.15
2021,2021-11-25,Diesel,44.21,53.97,49.01
2021,2021-11-25,Diesel Plus,48.1,57.13,54.94
2021,2021-11-25,Kerosene,52.33,61.54,59.45
2021,2021-11-18,Gasoline (RON97/100),56.6,73.15,65.65
2021,2021-11-18,Gasoline (RON95),53.0,71.14,63.07
2021,2021-11-18,Gasoline (RON91),52.0,70.08,63.87
2021,2021-11-18,Diesel,45.0,55.17,50.5
2021,2021-11-18,Diesel Plus,49.3,58.33,56.14
2021,2021-11-18,Kerosene,53.09,62.84,60.75
2021,2021-11-11,Gasoline (RON97/100),57.5,74.05,66.55
2021,2021-11-11,Gasoline (RON95),53.9,72.04,64.7
2021,2021-11-11,Gasoline (RON91),52.9,70.98,64.54
2021,2021-11-11,Diesel,45.0,55.17,51.66
2021,2021-11-11,Diesel Plus,49.3,58.33,56.14
2021,2021-11-11,Kerosene,53.73,62.94,60.85
2021,2021-11-04,Gasoline (RON97/100),58.5,75.05,
2021,2021-11-04,Gasoline (RON95),54.9,73.04,65.43
2021,2021-11-04,Gasoline (RON91),53.9,71.98,65.32
2021,2021-11-04,Diesel,45.6,55.77,51.34
2021,2021-11-04,Diesel Plus,50.25,58.93,56.74
2021,2021-11-04,Kerosene,53.84,63.59,
2021,2021-10-27,Gasoline (RON97/100),57.55,73.83,
2021,2021-10-27,Gasoline (RON95),53.75,71.89,64.28
2021,2021-10-27,Gasoline (RON91),52.6,70.83,64.62
2021,2021-10-27,Diesel,45.65,56.12,52.61
2021,2021-10-27,Diesel Plus,50.25,59.17,57.09
2021,2021-10-27,Kerosene,53.17,63.89,
2021,2021-10-21,Gasoline (RON97/100),56.02,72.35,
2021,2021-10-21,Gasoline (RON95),51.48,70.38,62.94
2021,2021-10-21,Gasoline (RON91),50.53,69.35,62.92
2021,2021-10-21,Diesel,44.08,55.14,50.83
2021,2021-10-21,Diesel Plus,48.52,57.97,55.18
2021,2021-10-21,Kerosene,52.73,60.9,
2021,2021-10-14,Gasoline (RON97/100),54.5,70.88,
2021,2021-10-14,Gasoline (RON95),49.2,68.88,61.61
2021,2021-10-14,Gasoline (RON91),48.45,67.88,61.22
2021,2021-10-14,Diesel,42.5,54.17,49.05
2021,2021-10-14,Diesel Plus,46.8,56.77,53.27
2021,2021-10-14,Kerosene,52.29,57.9,
2021,2021-10-07,Gasoline (RON97/100),53.1,69.58,
2021,2021-10-07,Gasoline (RON95),49.2,67.58,58.11
2021,2021-10-07,Gasoline (RON91),48.45,66.58,57.74
2021,2021-10-07,Diesel,42.15,52.67,47.41
2021,2021-10-07,Diesel Plus,44.75,55.27,51.77
2021,2021-10-07,Kerosene,51.24,55.85,
2021,2021-09-30,Gasoline (RON97/100),51.65,68.13,
2021,2021-09-30,Gasoline (RON95),48.65,66.13,57.23
2021,2021-09-30,Gasoline (RON91),47.65,65.13,58.17
2021,2021-09-30,Diesel,40.0,50.62,47.14
2021,2021-09-30,Diesel Plus,43.75,53.22,50.5
2021,2021-09-30,Kerosene,49.6,54.85,
2021,2021-09-23,Gasoline (RON97/100),51.85,67.58,
2021,2021-09-23,Gasoline (RON95),47.85,65.58,56.91
2021,2021-09-23,Gasoline (RON91),44.2,64.58,56.08
2021,2021-09-23,Diesel,38.45,49.72,45.26
2021,2021-09-23,Diesel Plus,43.35,52.22,48.82
2021,2021-09-23,Kerosene,47.84,54.0,
2021,2021-09-16,Gasoline (RON97/100),51.05,66.78,
2021,2021-09-16,Gasoline (RON95),47.85,64.78,57.09
2021,2021-09-16,Gasoline (RON91),46.85,63.78,56.01
2021,2021-09-16,Diesel,38.45,49.12,45.38
2021,2021-09-16,Diesel Plus,43.0,51.42,48.02
2021,2021-09-16,Kerosene,47.8,56.74,
2021,2021-09-09,Gasoline (RON97/100),52.55,66.38,61.54
2021,2021-09-09,Gasoline (RON95),47.5,64.38,56.5
2021,2021-09-09,Gasoline (RON91),43.0,63.38,56.42
2021,2021-09-09,Diesel,38.45,49.9,44.82
2021,2021-09-09,Diesel Plus,41.85,51.07,49.54
2021,2021-09-09,Kerosene,47.65,56.59,
2021,2021-09-02,Gasoline (RON97/100),52.05,65.88,61.04
2021,2021-09-02,Gasoline (RON95),46.6,63.88,55.01
2021,2021-09-02,Gasoline (RON91),45.8,62.88,55.22
2021,2021-09-02,Diesel,37.55,47.82,43.77
2021,2021-09-02,Diesel Plus,41.25,50.12,48.79
2021,2021-09-02,Kerosene,47.05,55.99,
2021,2021-08-26,Gasoline (RON97/100),51.65,65.8,60.64
2021,2021-08-26,Gasoline (RON95),46.6,66.45,56.17
2021,2021-08-26,Gasoline (RON91),45.8,63.05,55.39
2021,2021-08-26,Diesel,36.6,47.22,43.35
2021,2021-08-26,Diesel Plus,42.0,49.52,47.99
2021,2021-08-26,Kerosene,46.35,55.29,
2021,2021-08-19,Gasoline (RON97/100),52.45,66.6,62.33
2021,2021-08-19,Gasoline (RON95),47.35,64.85,57.27
2021,2021-08-19,Gasoline (RON91),46.35,63.85,54.96
2021,2021-08-19,Diesel,37.35,47.8,44.26
2021,2021-08-19,Diesel Plus,41.2,50.27,46.74
2021,2021-08-19,Kerosene,46.84,56.19,
2021,2021-08-12,Gasoline (RON97/100),52.45,66.6,62.33
2021,2021-08-12,Gasoline (RON95),46.75,64.85,57.27
2021,2021-08-12,Gasoline (RON91),45.75,63.85,54.96
2021,2021-08-12,Diesel,37.65,48.1,44.39
2021,2021-08-12,Diesel Plus,41.5,50.57,47.13
2021,2021-08-12,Kerosene,47.24,56.59,
2021,2021-08-05,Gasoline (RON97/100),55.2,67.25,62.98
2021,2021-08-05,Gasoline (RON95),46.35,65.5,57.92
2021,2021-08-05,Gasoline (RON91),45.55,64.5,55.61
2021,2021-08-05,Diesel,37.8,48.8,45.63
2021,2021-08-05,Diesel Plus,42.2,51.27,47.83
2021,2021-08-05,Kerosene,47.99,57.34,
2021,2021-07-28,Gasoline (RON97/100),54.15,66.2,61.93
2021,2021-07-28,Gasoline (RON95),46.35,64.45,56.87
2021,2021-07-28,Gasoline (RON91),45.35,63.45,54.56
2021,2021-07-28,Diesel,37.55,48.0,44.98
2021,2021-07-28,Diesel Plus,42.8,50.47,47.96
2021,2021-07-28,Kerosene,47.24,56.59,
2021,2021-07-22,Gasoline (RON97/100),52.7,66.95,62.68
2021,2021-07-22,Gasoline (RON95),46.35,65.2,58.67
2021,2021-07-22,Gasoline (RON91),45.55,64.2,56.36
2021,2021-07-22,Diesel,37.8,48.68,45.04
2021,2021-07-22,Diesel Plus,42.85,51.25,49.54
2021,2021-07-22,Kerosene,47.84,57.19,
2021,2021-07-15,Gasoline (RON97/100),54.8,66.85,62.58
2021,2021-07-15,Gasoline (RON95),46.35,65.1,59.35
2021,2021-07-15,Gasoline (RON91),45.55,64.1,57.28
2021,2021-07-15,Diesel,37.85,52.54,44.86
2021,2021-07-15,Diesel Plus,42.25,50.98,49.24
2021,2021-07-15,Kerosene,47.54,56.89,
2021,2021-07-08,Gasoline (RON97/100),53.65,65.15,61.43
2021,2021-07-08,Gasoline (RON95),44.75,63.45,56.24
2021,2021-07-08,Gasoline (RON91),44.25,63.65,54.57
2021,2021-07-08,Diesel,37.65,52.54,44.13
2021,2021-07-08,Diesel Plus,42.15,50.59,48.09
2021,2021-07-08,Kerosene,44.14,56.24,
2021,2021-07-01,Gasoline (RON97/100),53.05,65.1,60.83
2021,2021-07-01,Gasoline (RON95),44.09,63.35,56.92
2021,2021-07-01,Gasoline (RON91),43.59,63.05,55.08
2021,2021-07-01,Diesel,36.5,52.44,44.03
2021,2021-07-01,Diesel Plus,41.5,50.49,48.54
2021,2021-07-01,Kerosene,46.54,56.2,
2021,2021-06-24,Gasoline (RON97/100),52.05,64.1,59.83
2021,2021-06-24,Gasoline (RON95),44.15,62.35,52.84
2021,2021-06-24,Gasoline (RON91),43.15,62.05,54.08
2021,2021-06-24,Diesel,36.5,51.74,42.59
2021,2021-06-24,Diesel Plus,40.8,49.84,47.89
2021,2021-06-24,Kerosene,45.84,55.59,
2021,2021-06-17,Gasoline (RON97/100),51.3,63.35,59.08
2021,2021-06-17,Gasoline (RON95),43.45,61.6,54.66
2021,2021-06-17,Gasoline (RON91),42.95,61.3,53.06
2021,2021-06-17,Diesel,36.4,51.04,42.86
2021,2021-06-17,Diesel Plus,40.25,49.14,46.62
2021,2021-06-17,Kerosene,45.54,54.89,45.95
2021,2021-06-10,Gasoline (RON97/100),50.8,63.17,58.58
2021,2021-06-10,Gasoline (RON95),41.7,61.17,52.0
2021,2021-06-10,Gasoline (RON91),41.2,60.8,51.6
2021,2021-06-10,Diesel,34.85,50.64,41.16
2021,2021-06-10,Diesel Plus,39.85,49.1,
2021,2021-06-10,Kerosene,45.24,54.59,
2021,2021-06-03,Gasoline (RON97/100),50.6,62.97,58.38
2021,2021-06-03,Gasoline (RON95),41.2,60.97,55.26
2021,2021-06-03,Gasoline (RON91),40.7,60.6,54.33
2021,2021-06-03,Diesel,34.6,50.14,42.0
2021,2021-06-03,Diesel Plus,39.45,48.55,46.24
2021,2021-06-03,Kerosene,44.39,53.99,
2021,2021-05-27,Gasoline (RON97/100),49.8,62.17,57.58
2021,2021-05-27,Gasoline (RON95),41.2,60.17,54.46
2021,2021-05-27,Gasoline (RON91),40.7,59.8,53.97
2021,2021-05-27,Diesel,34.6,49.74,41.6
2021,2021-05-27,Diesel Plus,39.2,48.15,45.37
2021,2021-05-27,Kerosene,44.39,53.74,
2021,2021-05-20,Gasoline (RON97/100),49.65,62.02,57.43
2021,2021-05-20,Gasoline (RON95),41.2,60.02,53.74
2021,2021-05-20,Gasoline (RON91),40.7,59.65,53.6
2021,2021-05-20,Diesel,34.6,49.69,41.35
2021,2021-05-20,Diesel Plus,39.0,47.9,45.59
2021,2021-05-20,Kerosene,44.14,53.89,
2021,2021-05-13,Gasoline (RON97/100),49.85,62.22,57.63
2021,2021-05-13,Gasoline (RON95),41.2,60.22,53.24
2021,2021-05-13,Gasoline (RON91),40.7,59.85,52.76
2021,2021-05-13,Diesel,34.05,49.49,40.13
2021,2021-05-13,Diesel Plus,38.3,47.7,45.39
2021,2021-05-13,Kerosene,44.54,53.89,
2021,2021-05-06,Gasoline (RON97/100),49.1,61.47,57.59
2021,2021-05-06,Gasoline (RON95),40.7,59.8,53.2
2021,2021-05-06,Gasoline (RON91),40.2,59.1,50.46
2021,2021-05-06,Diesel,33.85,48.79,40.45
2021,2021-05-06,Diesel Plus,37.6,47.0,44.69
2021,2021-05-06,Kerosene,43.84,53.19,
2021,2021-04-29,Gasoline (RON97/100),48.9,61.27,57.39
2021,2021-04-29,Gasoline (RON95),40.7,59.27,53.0
2021,2021-04-29,Gasoline (RON91),40.2,58.9,51.61
2021,2021-04-29,Diesel,33.85,48.44,40.54
2021,2021-04-29,Diesel Plus,37.25,46.65,42.34
2021,2021-04-29,Kerosene,43.49,54.6,
2021,2021-04-22,Gasoline (RON97/100),48.45,60.82,56.94
2021,2021-04-22,Gasoline (RON95),40.7,58.95,51.88
2021,2021-04-22,Gasoline (RON91),40.2,58.45,51.16
2021,2021-04-22,Diesel,33.85,48.09,40.21
2021,2021-04-22,Diesel Plus,36.9,46.3,41.66
2021,2021-04-22,Kerosene,42.84,53.95,
2021,2021-04-15,Gasoline (RON97/100),47.85,60.22,56.34
2021,2021-04-15,Gasoline (RON95),40.7,58.22,51.45
2021,2021-04-15,Gasoline (RON91),40.2,57.85,49.66
2021,2021-04-15,Diesel,33.65,43.85,39.51
2021,2021-04-15,Diesel Plus,36.9,45.16,41.51
2021,2021-04-15,Kerosene,41.99,53.95,
2021,2021-04-08,Gasoline (RON97/100),48.1,60.47,56.59
2021,2021-04-08,Gasoline (RON95),40.95,58.47,52.87
2021,2021-04-08,Gasoline (RON91),40.45,58.1,49.91
2021,2021-04-08,Diesel,33.65,43.85,39.51
2021,2021-04-08,Diesel Plus,36.9,45.1,41.56
2021,2021-04-08,Kerosene,42.09,54.1,
2021,2021-04-01,Gasoline (RON97/100),47.45,59.82,55.94
2021,2021-04-01,Gasoline (RON95),40.3,57.82,52.22
2021,2021-04-01,Gasoline (RON91),39.8,57.45,49.26
2021,2021-04-01,Diesel,33.8,43.8,39.73
2021,2021-04-01,Diesel Plus,36.85,45.05,41.62
2021,2021-04-01,Kerosene,42.04,54.1,
2021,2021-03-25,Gasoline (RON97/100),48.65,61.02,57.14
2021,2021-03-25,Gasoline (RON95),41.5,59.02,51.69
2021,2021-03-25,Gasoline (RON91),41.0,58.65,51.76
2021,2021-03-25,Diesel,34.79,45.1,40.76
2021,2021-03-25,Diesel Plus,38.5,46.35,42.81
2021,2021-03-25,Kerosene,43.44,55.5,
2021,2021-03-18,Gasoline (RON97/100),48.65,61.02,56.43
2021,2021-03-18,Gasoline (RON95),41.5,59.02,51.74
2021,2021-03-18,Gasoline (RON91),41.0,58.65,51.58
2021,2021-03-18,Diesel,34.8,45.45,41.14
2021,2021-03-18,Diesel Plus,37.6,46.7,43.16
2021,2021-03-18,Kerosene,41.55,55.95,
2021,2021-03-11,Gasoline (RON97/100),48.95,59.77,55.64
2021,2021-03-11,Gasoline (RON95),41.5,57.77,51.82
2021,2021-03-11,Gasoline (RON91),40.55,57.4,51.31
2021,2021-03-11,Diesel,34.0,44.55,40.81
2021,2021-03-11,Diesel Plus,37.6,45.36,43.53
2021,2021-03-11,Kerosene,40.7,55.1,
2021,2021-03-04,Gasoline (RON97/100),49.05,62.42,55.74
2021,2021-03-04,Gasoline (RON95),40.5,57.87,51.63
2021,2021-03-04,Gasoline (RON91),39.85,60.41,50.78
2021,2021-03-04,Diesel,33.85,47.27,39.54
2021,2021-03-04,Diesel Plus,37.1,45.71,43.88
2021,2021-03-04,Kerosene,41.25,55.65,
2021,2021-02-25,Gasoline (RON97/100),48.05,61.41,54.74
2021,2021-02-25,Gasoline (RON95),40.5,56.87,50.59
2021,2021-02-25,Gasoline (RON91),39.65,59.41,49.74
2021,2021-02-25,Diesel,33.5,46.42,38.67
2021,2021-02-25,Diesel Plus,36.15,44.86,43.03
2021,2021-02-25,Kerosene,40.55,54.95,
2021,2021-02-18,Gasoline (RON97/100),46.85,60.21,53.08
2021,2021-02-18,Gasoline (RON95),38.85,55.67,49.72
2021,2021-02-18,Gasoline (RON91),37.7,58.21,50.92
2021,2021-02-18,Diesel,32.35,45.47,38.59
2021,2021-02-18,Diesel Plus,34.9,44.25,42.08
2021,2021-02-18,Kerosene,40.45,54.05,
2021,2021-02-11,Gasoline (RON97/100),46.2,59.46,
2021,2021-02-11,Gasoline (RON95),38.85,55.1,49.98
2021,2021-02-11,Gasoline (RON91),37.7,57.46,51.08
2021,2021-02-11,Diesel,31.1,44.22,38.59
2021,2021-02-11,Diesel Plus,34.9,43.0,42.0
2021,2021-02-11,Kerosene,39.45,52.95,
2021,2021-02-04,Gasoline (RON97/100),45.35,58.61,56.07
2021,2021-02-04,Gasoline (RON95),38.6,54.97,50.03
2021,2021-02-04,Gasoline (RON91),37.2,56.61,48.38
2021,2021-02-04,Diesel,30.8,43.12,38.14
2021,2021-02-04,Diesel Plus,34.9,41.9,41.15
2021,2021-02-04,Kerosene,39.39,52.1,
2021,2021-01-28,Gasoline (RON97/100),45.1,58.36,54.28
2021,2021-01-28,Gasoline (RON95),38.6,54.72,51.88
2021,2021-01-28,Gasoline (RON91),37.2,56.36,49.81
2021,2021-01-28,Diesel,30.84,43.12,37.8
2021,2021-01-28,Diesel Plus,33.9,41.9,41.34
2021,2021-01-28,Kerosene,39.64,52.2,41.55
2021,2021-01-21,Gasoline (RON97/100),45.25,58.51,54.43
2021,2021-01-21,Gasoline (RON95),38.0,55.76,51.85
2021,2021-01-21,Gasoline (RON91),36.6,56.51,50.17
2021,2021-01-21,Diesel,30.0,43.22,38.01
2021,2021-01-21,Diesel Plus,34.0,42.18,41.44
2021,2021-01-21,Kerosene,39.74,52.3,
2021,2021-01-14,Gasoline (RON97/100),44.25,57.51,53.72
2021,2021-01-14,Gasoline (RON95),37.2,54.76,50.18
2021,2021-01-14,Gasoline (RON91),35.7,55.51,49.56
2021,2021-01-14,Diesel,29.6,42.27,36.96
2021,2021-01-14,Diesel Plus,34.0,41.55,40.39
2021,2021-01-14,Kerosene,38.79,51.35,
2021,2021-01-06,Gasoline (RON97/100),43.4,56.66,52.87
2021,2021-01-06,Gasoline (RON95),35.8,53.91,48.94
2021,2021-01-06,Gasoline (RON91),35.25,54.66,47.72
2021,2021-01-06,Diesel,28.75,41.97,36.57
2021,2021-01-06,Diesel Plus,33.5,41.95,40.09
2021,2021-01-06,Kerosene,38.54,51.1,
2020,2020-12-30,Gasoline (RON97/100),47.3,56.21,53.53
2020,2020-12-30,Gasoline (RON95),35.8,53.46,48.58
2020,2020-12-30,Gasoline (RON91),35.25,54.21,48.26
2020,2020-12-30,Diesel,29.35,41.57,36.36
2020,2020-12-30,Diesel Plus,34.5,40.95,39.79
2020,2020-12-30,Kerosene,38.14,50.7,
2020,2020-12-24,Gasoline (RON97/100),44.45,56.21,53.49
2020,2020-12-24,Gasoline (RON95),35.8,53.46,48.55
2020,2020-12-24,Gasoline (RON91),35.25,54.21,48.26
2020,2020-12-24,Diesel,28.75,41.62,36.41
2020,2020-12-24,Diesel Plus,34.55,41.59,39.84
2020,2020-12-24,Kerosene,38.39,50.95,
2020,2020-12-16,Gasoline (RON97/100),43.7,55.46,52.74
2020,2020-12-16,Gasoline (RON95),35.8,52.71,48.21
2020,2020-12-16,Gasoline (RON91),34.3,53.46,47.74
2020,2020-12-16,Diesel,28.75,40.77,35.86
2020,2020-12-16,Diesel Plus,33.7,40.74,38.99
2020,2020-12-16,Kerosene,37.59,50.15,
2020,2020-12-10,Gasoline (RON97/100),43.2,54.96,52.24
2020,2020-12-10,Gasoline (RON95),35.8,52.67,48.28
2020,2020-12-10,Gasoline (RON91),34.3,52.96,47.67
2020,2020-12-10,Diesel,28.75,40.17,35.71
2020,2020-12-10,Diesel Plus,34.8,40.3,38.39
2020,2020-12-10,Kerosene,0.0,49.6,
2020,2020-12-03,Gasoline (RON97/100),41.95,54.71,52.16
2020,2020-12-03,Gasoline (RON95),34.4,54.15,48.29
2020,2020-12-03,Gasoline (RON91),32.9,52.71,47.71
2020,2020-12-03,Diesel,27.6,39.77,35.3
2020,2020-12-03,Diesel Plus,34.4,40.26,38.2
2020,2020-12-03,Kerosene,35.04,47.9,
2020,2020-11-26,Gasoline (RON97/100),41.8,53.56,51.01
2020,2020-11-26,Gasoline (RON95),34.4,53.3,48.05
2020,2020-11-26,Gasoline (RON91),32.9,51.56,46.6
2020,2020-11-26,Diesel,25.9,38.67,34.57
2020,2020-11-26,Diesel Plus,33.3,39.16,37.05
2020,2020-11-26,Kerosene,35.04,47.9,
2020,2020-11-19,Gasoline (RON97/100),41.65,53.56,51.01
2020,2020-11-19,Gasoline (RON95),34.4,53.3,48.05
2020,2020-11-19,Gasoline (RON91),32.9,51.56,46.6
2020,2020-11-19,Diesel,25.2,38.17,34.31
2020,2020-11-19,Diesel Plus,32.0,38.66,36.95
2020,2020-11-19,Kerosene,35.04,47.6,
2020,2020-11-12,Gasoline (RON97/100),40.6,52.51,49.71
2020,2020-11-12,Gasoline (RON95),35.4,52.25,47.0
2020,2020-11-12,Gasoline (RON91),33.9,50.51,45.17
2020,2020-11-12,Diesel,26.0,36.62,32.76
2020,2020-11-12,Diesel Plus,31.25,37.11,35.4
2020,2020-11-12,Kerosene,33.74,46.3,
2020,2020-11-05,Gasoline (RON97/100),40.95,52.71,50.16
2020,2020-11-05,Gasoline (RON95),35.4,52.45,47.2
2020,2020-11-05,Gasoline (RON91),33.9,50.71,45.42
2020,2020-11-05,Diesel,26.8,36.42,32.56
2020,2020-11-05,Diesel Plus,31.05,36.91,35.2
2020,2020-11-05,Kerosene,33.34,45.9,
2020,2020-10-29,Gasoline (RON97/100),41.6,53.51,50.96
2020,2020-10-29,Gasoline (RON95),40.0,53.25,47.98
2020,2020-10-29,Gasoline (RON91),39.0,51.51,45.95
2020,2020-10-29,Diesel,28.75,37.27,33.56
2020,2020-10-29,Diesel Plus,31.9,37.76,36.05
2020,2020-10-29,Kerosene,34.04,46.6,
2020,2020-10-22,Gasoline (RON97/100),41.75,53.51,50.95
2020,2020-10-22,Gasoline (RON95),39.12,53.25,47.96
2020,2020-10-22,Gasoline (RON91),38.13,51.51,46.2
2020,2020-10-22,Diesel,27.78,37.52,33.69
2020,2020-10-22,Diesel Plus,32.15,38.17,36.47
2020,2020-10-22,Kerosene,34.19,46.75,
2020,2020-10-15,Gasoline (RON97/100),42.0,53.76,51.2
2020,2020-10-15,Gasoline (RON95),40.35,53.5,48.28
2020,2020-10-15,Gasoline (RON91),39.35,51.76,47.2
2020,2020-10-15,Diesel,29.0,37.27,34.4
2020,2020-10-15,Diesel Plus,31.9,37.92,35.78
2020,2020-10-15,Kerosene,33.99,46.55,
2020,2020-10-08,Gasoline (RON97/100),44.85,54.18,51.31
2020,2020-10-08,Gasoline (RON95),40.05,53.6,48.05
2020,2020-10-08,Gasoline (RON91),39.05,51.86,46.95
2020,2020-10-08,Diesel,27.78,37.64,33.94
2020,2020-10-08,Diesel Plus,31.45,37.98,35.6
2020,2020-10-08,Kerosene,33.44,46.0,
2020,2020-10-01,Gasoline (RON97/100),44.75,54.08,50.45
2020,2020-10-01,Gasoline (RON95),39.95,53.5,48.28
2020,2020-10-01,Gasoline (RON91),38.95,51.76,48.96
2020,2020-10-01,Diesel,27.78,37.64,33.75
2020,2020-10-01,Diesel Plus,31.45,37.98,35.51
2020,2020-10-01,Kerosene,33.24,45.8,
2020,2020-09-24,Gasoline (RON97/100),46.2,53.88,49.5
2020,2020-09-24,Gasoline (RON95),39.5,53.3,48.28
2020,2020-09-24,Gasoline (RON91),38.5,51.5,48.56
2020,2020-09-24,Diesel,27.58,37.59,34.78
2020,2020-09-24,Diesel Plus,31.5,37.93,35.7
2020,2020-09-24,Kerosene,32.79,45.35,
2020,2020-09-17,Gasoline (RON97/100),45.6,58.24,48.9
2020,2020-09-17,Gasoline (RON95),39.5,52.7,47.68
2020,2020-09-17,Gasoline (RON91),38.5,50.96,47.96
2020,2020-09-17,Diesel,27.58,37.39,34.58
2020,2020-09-17,Diesel Plus,31.3,37.73,35.5
2020,2020-09-17,Kerosene,32.24,44.8,
2020,2020-09-10,Gasoline (RON97/100),44.95,54.28,51.87
2020,2020-09-10,Gasoline (RON95),40.5,53.95,48.67
2020,2020-09-10,Gasoline (RON91),39.5,52.35,49.39
2020,2020-09-10,Diesel,29.08,38.89,34.92
2020,2020-09-10,Diesel Plus,32.85,39.37,37.22
2020,2020-09-10,Kerosene,33.69,46.25,
2020,2020-09-03,Gasoline (RON97/100),45.25,55.76,50.2
2020,2020-09-03,Gasoline (RON95),40.85,55.55,51.35
2020,2020-09-03,Gasoline (RON91),39.85,53.75,49.9
2020,2020-09-03,Diesel,30.0,39.34,35.75
2020,2020-09-03,Diesel Plus,33.3,40.21,36.75
2020,2020-09-03,Kerosene,34.24,46.8,
2020,2020-08-27,Gasoline (RON97/100),45.12,55.98,52.86
2020,2020-08-27,Gasoline (RON95),41.22,55.52,51.7
2020,2020-08-27,Gasoline (RON91),39.72,53.62,50.01
2020,2020-08-27,Diesel,30.0,39.53,36.46
2020,2020-08-27,Diesel Plus,33.45,40.96,38.44
2020,2020-08-27,Kerosene,34.42,46.97,
2020,2020-08-20,Gasoline (RON97/100),45.0,56.2,55.51
2020,2020-08-20,Gasoline (RON95),41.6,55.48,52.06
2020,2020-08-20,Gasoline (RON91),39.6,53.5,50.12
2020,2020-08-20,Diesel,30.0,39.72,37.16
2020,2020-08-20,Diesel Plus,33.6,41.72,40.14
2020,2020-08-20,Kerosene,34.59,47.15,
2020,2020-08-13,Gasoline (RON97/100),44.4,55.6,51.1
2020,2020-08-13,Gasoline (RON95),41.55,54.7,49.5
2020,2020-08-13,Gasoline (RON91),40.55,52.88,48.47
2020,2020-08-13,Diesel,30.0,40.58,37.06
2020,2020-08-13,Diesel Plus,35.2,42.58,39.67
2020,2020-08-13,Kerosene,34.59,47.15,
2020,2020-08-06,Gasoline (RON97/100),44.15,55.59,
2020,2020-08-06,Gasoline (RON95),41.3,54.45,51.32
2020,2020-08-06,Gasoline (RON91),40.3,52.55,48.02
2020,2020-08-06,Diesel,30.0,40.78,38.49
2020,2020-08-06,Diesel Plus,35.3,42.78,
2020,2020-08-06,Kerosene,34.94,47.65,
2020,2020-07-28,Gasoline (RON97/100),44.4,55.84,
2020,2020-07-28,Gasoline (RON95),41.55,54.7,49.16
2020,2020-07-28,Gasoline (RON91),40.55,52.9,44.42
2020,2020-07-28,Diesel,30.25,41.08,39.12
2020,2020-07-28,Diesel Plus,35.6,43.08,41.22
2020,2020-07-28,Kerosene,35.09,47.4,
2020,2020-07-23,Gasoline (RON97/100),44.1,55.54,
2020,2020-07-23,Gasoline (RON95),41.25,54.4,48.8
2020,2020-07-23,Gasoline (RON91),40.25,52.6,46.58
2020,2020-07-23,Diesel,30.0,40.83,
2020,2020-07-23,Diesel Plus,35.35,42.83,40.97
2020,2020-07-23,Kerosene,34.79,47.2,
2020,2020-07-16,Gasoline (RON97/100),44.2,55.64,
2020,2020-07-16,Gasoline (RON95),41.35,54.5,48.9
2020,2020-07-16,Gasoline (RON91),40.35,52.7,46.68
2020,2020-07-16,Diesel,30.0,40.83,
2020,2020-07-16,Diesel Plus,31.87,42.83,40.97
2020,2020-07-16,Kerosene,34.64,47.2,
2020,2020-07-09,Gasoline (RON97/100),43.55,55.02,50.84
2020,2020-07-09,Gasoline (RON95),40.7,53.21,50.84
2020,2020-07-09,Gasoline (RON91),39.7,51.96,49.82
2020,2020-07-09,Diesel,30.0,40.53,37.34
2020,2020-07-09,Diesel Plus,35.05,42.53,40.4
2020,2020-07-09,Kerosene,34.24,46.8,
2020,2020-07-02,Gasoline (RON97/100),44.2,55.4,53.1
2020,2020-07-02,Gasoline (RON95),41.35,53.86,49.8
2020,2020-07-02,Gasoline (RON91),40.35,52.61,50.31
2020,2020-07-02,Diesel,31.5,40.53,36.76
2020,2020-07-02,Diesel Plus,35.05,42.53,40.38
2020,2020-07-02,Kerosene,34.64,43.84,
2020,2020-06-25,Gasoline (RON97/100),43.5,54.94,
2020,2020-06-25,Gasoline (RON95),39.1,53.16,50.08
2020,2020-06-25,Gasoline (RON91),38.1,51.91,48.75
2020,2020-06-25,Diesel,29.55,39.04,35.38
2020,2020-06-25,Diesel Plus,34.75,41.47,40.63
2020,2020-06-25,Kerosene,34.24,46.8,
2020,2020-06-18,Gasoline (RON97/100),42.45,52.03,48.12
2020,2020-06-18,Gasoline (RON95),40.35,51.61,46.78
2020,2020-06-18,Gasoline (RON91),39.95,50.76,47.27
2020,2020-06-18,Diesel,29.55,37.88,34.47
2020,2020-06-18,Diesel Plus,34.33,40.5,37.63
2020,2020-06-18,Kerosene,33.94,45.75,
2020,2020-06-11,Gasoline (RON97/100),42.4,50.78,46.87
2020,2020-06-11,Gasoline (RON95),38.05,50.16,45.65
2020,2020-06-11,Gasoline (RON91),37.25,49.51,46.14
2020,2020-06-11,Diesel,27.9,36.68,33.58
2020,2020-06-11,Diesel Plus,33.23,38.68,36.9
2020,2020-06-11,Kerosene,33.19,45.75,
2020,2020-06-04,Gasoline (RON97/100),40.65,49.61,45.12
2020,2020-06-04,Gasoline (RON95),36.3,48.41,43.9
2020,2020-06-04,Gasoline (RON91),35.5,47.76,44.4
2020,2020-06-04,Diesel,26.8,36.97,32.48
2020,2020-06-04,Diesel Plus,32.13,37.58,35.8
2020,2020-06-04,Kerosene,31.68,44.75,
2020,2020-05-28,Gasoline (RON97/100),37.5,49.5,46.89
2020,2020-05-28,Gasoline (RON95),36.72,48.81,45.51
2020,2020-05-28,Gasoline (RON91),36.15,47.96,44.6
2020,2020-05-28,Diesel,25.65,35.37,32.23
2020,2020-05-28,Diesel Plus,31.88,39.08,35.55
2020,2020-05-28,Kerosene,30.88,40.99,
2020,2020-05-21,Gasoline (RON97/100),35.75,47.75,45.14
2020,2020-05-21,Gasoline (RON95),35.62,47.06,42.35
2020,2020-05-21,Gasoline (RON91),34.4,46.21,42.84
2020,2020-05-21,Diesel,23.55,33.27,30.13
2020,2020-05-21,Diesel Plus,29.78,36.98,33.45
2020,2020-05-21,Kerosene,28.23,38.34,
2020,2020-05-14,Gasoline (RON97/100),35.12,45.86,44.25
2020,2020-05-14,Gasoline (RON95),33.67,45.44,41.43
2020,2020-05-14,Gasoline (RON91),32.81,44.58,41.15
2020,2020-05-14,Diesel,23.28,32.12,29.32
2020,2020-05-14,Diesel Plus,27.2,36.03,31.79
2020,2020-05-14,Kerosene,26.68,37.62,
2020,2020-05-06,Gasoline (RON97/100),34.5,43.98,43.36
2020,2020-05-06,Gasoline (RON95),31.72,43.81,40.51
2020,2020-05-06,Gasoline (RON91),31.22,42.96,39.46
2020,2020-05-06,Diesel,23.0,30.98,28.51
2020,2020-05-06,Diesel Plus,24.63,35.08,30.12
2020,2020-05-06,Kerosene,25.14,36.9,
2020,2020-04-29,Gasoline (RON97/100),33.75,43.23,42.61
2020,2020-04-29,Gasoline (RON95),30.97,43.06,40.15
2020,2020-04-29,Gasoline (RON91),30.47,42.21,39.17
2020,2020-04-29,Diesel,23.1,31.08,28.61
2020,2020-04-29,Diesel Plus,27.43,35.18,31.47
2020,2020-04-29,Kerosene,25.23,37.5,
2020,2020-04-21,Gasoline (RON97/100),33.95,43.43,42.81
2020,2020-04-21,Gasoline (RON95),31.17,42.92,41.37
2020,2020-04-21,Gasoline (RON91),30.67,41.86,39.35
2020,2020-04-21,Diesel,24.9,32.88,29.98
2020,2020-04-21,Diesel Plus,29.23,36.98,30.78
2020,2020-04-21,Kerosene,27.38,39.1,
2020,2020-04-16,Gasoline (RON97/100),34.5,43.98,43.36
2020,2020-04-16,Gasoline (RON95),31.72,43.81,42.22
2020,2020-04-16,Gasoline (RON91),31.22,42.76,39.92
2020,2020-04-16,Diesel,26.05,34.03,31.13
2020,2020-04-16,Diesel Plus,30.38,38.13,31.93
2020,2020-04-16,Kerosene,27.98,40.0,
2020,2020-04-08,Gasoline (RON97/100),33.95,43.43,42.81
2020,2020-04-08,Gasoline (RON95),31.17,42.92,41.67
2020,2020-04-08,Gasoline (RON91),30.67,41.86,39.37
2020,2020-04-08,Diesel,25.9,34.27,30.98
2020,2020-04-08,Diesel Plus,30.23,37.98,31.78
2020,2020-04-08,Kerosene,28.18,40.2,
2020,2020-04-01,Gasoline (RON97/100),34.3,43.78,41.52
2020,2020-04-01,Gasoline (RON95),31.52,45.27,40.77
2020,2020-04-01,Gasoline (RON91),31.02,43.77,39.33
2020,2020-04-01,Diesel,26.6,35.08,31.68
2020,2020-04-01,Diesel Plus,30.83,39.18,32.93
2020,2020-04-01,Kerosene,28.93,40.65,
2020,2020-03-25,Gasoline (RON97/100),36.3,45.78,45.16
2020,2020-03-25,Gasoline (RON95),35.27,48.77,43.05
2020,2020-03-25,Gasoline (RON91),34.5,47.25,43.28
2020,2020-03-25,Diesel,26.8,37.08,32.18
2020,2020-03-25,Diesel Plus,31.33,41.18,32.98
2020,2020-03-25,Kerosene,30.88,42.15,
2020,2020-03-17,Gasoline (RON97/100),41.5,48.95,48.41
2020,2020-03-17,Gasoline (RON95),37.02,48.77,46.64
2020,2020-03-17,Gasoline (RON91),36.52,47.07,45.86
2020,2020-03-17,Diesel,29.5,37.53,34.53
2020,2020-03-17,Diesel Plus,33.18,41.18,37.47
2020,2020-03-17,Kerosene,34.89,50.0,
2020,2020-03-12,Gasoline (RON97/100),44.05,53.8,
2020,2020-03-12,Gasoline (RON95),41.27,53.01,49.87
2020,2020-03-12,Gasoline (RON91),40.77,51.96,47.87
2020,2020-03-12,Diesel,32.8,41.17,37.06
2020,2020-03-12,Diesel Plus,37.43,42.11,39.88
2020,2020-03-12,Kerosene,38.73,50.0,
2020,2020-03-05,Gasoline (RON97/100),45.25,55.0,
2020,2020-03-05,Gasoline (RON95),42.47,54.21,51.07
2020,2020-03-05,Gasoline (RON91),41.97,53.16,49.81
2020,2020-03-05,Diesel,34.1,41.92,37.6
2020,2020-03-05,Diesel Plus,36.5,42.42,40.58
2020,2020-03-05,Kerosene,39.78,50.8,
2020,2020-02-28,Gasoline (RON97/100),48.4,56.4,
2020,2020-02-28,Gasoline (RON95),43.87,55.61,52.2
2020,2020-02-28,Gasoline (RON91),43.37,54.56,51.23
2020,2020-02-28,Diesel,35.9,49.75,39.46
2020,2020-02-28,Diesel Plus,38.1,44.13,42.18
2020,2020-02-28,Kerosene,41.43,51.0,
2020,2020-02-18,Gasoline (RON97/100),46.35,56.71,
2020,2020-02-18,Gasoline (RON95),42.87,55.77,51.05
2020,2020-02-18,Gasoline (RON91),42.37,54.69,50.84
2020,2020-02-18,Diesel,35.5,43.32,39.18
2020,2020-02-18,Diesel Plus,37.9,44.28,41.98
2020,2020-02-18,Kerosene,41.1,50.65,42.1
2020,2020-02-12,Gasoline (RON97/100),46.0,55.35,51.9
2020,2020-02-12,Gasoline (RON95),42.75,55.42,51.77
2020,2020-02-12,Gasoline (RON91),42.15,54.34,50.22
2020,2020-02-12,Diesel,35.6,43.42,40.1
2020,2020-02-12,Diesel Plus,38.0,45.36,42.08
2020,2020-02-12,Kerosene,40.72,50.75,
2020,2020-02-05,Gasoline (RON97/100),46.75,55.65,52.2
2020,2020-02-05,Gasoline (RON95),42.4,54.66,52.36
2020,2020-02-05,Gasoline (RON91),41.9,53.52,50.55
2020,2020-02-05,Diesel,36.1,42.96,40.12
2020,2020-02-05,Diesel Plus,38.6,45.36,42.73
2020,2020-02-05,Kerosene,42.12,50.9,
2020,2020-01-30,Gasoline (RON97/100),48.75,57.25,53.8
2020,2020-01-30,Gasoline (RON95),44.0,56.89,52.99
2020,2020-01-30,Gasoline (RON91),43.5,55.74,51.62
2020,2020-01-30,Diesel,37.85,45.44,41.22
2020,2020-01-30,Diesel Plus,40.6,46.28,44.68
2020,2020-01-30,Kerosene,44.57,51.56,
2020,2020-01-22,Gasoline (RON97/100),49.05,59.37,54.1
2020,2020-01-22,Gasoline (RON95),44.45,57.16,53.05
2020,2020-01-22,Gasoline (RON91),44.01,57.45,51.46
2020,2020-01-22,Diesel,38.25,49.35,41.47
2020,2020-01-22,Diesel Plus,40.0,46.56,43.45
2020,2020-01-22,Kerosene,44.42,52.7,
2020,2020-01-16,Gasoline (RON97/100),50.75,60.27,54.95
2020,2020-01-16,Gasoline (RON95),45.6,58.06,53.9
2020,2020-01-16,Gasoline (RON91),44.86,58.35,51.87
2020,2020-01-16,Diesel,39.8,48.12,42.94
2020,2020-01-16,Diesel Plus,42.7,48.15,44.85
2020,2020-01-16,Kerosene,46.57,54.3,
2020,2020-01-09,Gasoline (RON97/100),50.3,60.61,54.95
2020,2020-01-09,Gasoline (RON95),46.3,58.41,53.0
2020,2020-01-09,Gasoline (RON91),45.55,57.23,51.98
2020,2020-01-09,Diesel,39.3,46.64,42.75
2020,2020-01-09,Diesel Plus,42.25,48.35,45.68
2020,2020-01-09,Kerosene,46.87,54.6,
2020,2020-01-03,Gasoline (RON97/100),50.4,59.25,56.74
2020,2020-01-03,Gasoline (RON95),46.4,57.45,53.99
2020,2020-01-03,Gasoline (RON91),45.65,57.33,52.43
2020,2020-01-03,Diesel,40.2,46.24,43.15
2020,2020-01-03,Diesel Plus,42.5,47.95,46.05
2020,2020-01-03,Kerosene,46.57,53.51,
